/*
 Navicat Premium Dump SQL

 Source Server         : my
 Source Server Type    : MySQL
 Source Server Version : 80041 (8.0.41)
 Source Host           : localhost:3306
 Source Schema         : cookieshop

 Target Server Type    : MySQL
 Target Server Version : 80041 (8.0.41)
 File Encoding         : 65001

 Date: 16/01/2026 09:24:42
*/

SET NAMES utf8mb4;
SET FOREIGN_KEY_CHECKS = 0;

-- ----------------------------
-- Table structure for evaluate
-- ----------------------------
DROP TABLE IF EXISTS `evaluate`;
CREATE TABLE `evaluate`  (
  `id` int NOT NULL AUTO_INCREMENT COMMENT '评价ID',
  `user_id` int NOT NULL COMMENT '评价用户ID',
  `order_id` int NOT NULL COMMENT '关联的订单ID',
  `score` tinyint(1) NOT NULL DEFAULT 0 COMMENT '商品评分（1-5星）',
  `content` varchar(500) CHARACTER SET utf8mb3 COLLATE utf8mb3_general_ci NULL DEFAULT NULL COMMENT '评价文字内容',
  `create_time` datetime NULL DEFAULT CURRENT_TIMESTAMP COMMENT '评价提交时间',
  `goods_id` int NULL DEFAULT NULL COMMENT '关联商品ID',
  PRIMARY KEY (`id`) USING BTREE,
  INDEX `idx_order_id`(`order_id` ASC) USING BTREE
) ENGINE = InnoDB AUTO_INCREMENT = 601 CHARACTER SET = utf8mb3 COLLATE = utf8mb3_general_ci ROW_FORMAT = Dynamic;

-- ----------------------------
-- Records of evaluate
-- ----------------------------
INSERT INTO `evaluate` VALUES (77, 195, 83, 4, '味道很正宗，物流给力，会回购！', '2026-01-01 00:47:40', 97);
INSERT INTO `evaluate` VALUES (78, 76, 100, 4, '包装简约但结实，商品完好，口味也很赞', '2026-01-04 00:47:40', 24);
INSERT INTO `evaluate` VALUES (79, 176, 83, 1, '口味一般，不过包装和物流都还可以', '2025-12-28 00:47:40', 90);
INSERT INTO `evaluate` VALUES (80, 353, 81, 5, '物流有点慢，但包装和口味都没让人失望', '2026-01-14 00:47:40', 241);
INSERT INTO `evaluate` VALUES (81, 295, 86, 4, '味道很正宗，物流给力，会回购！', '2025-12-30 00:47:40', 95);
INSERT INTO `evaluate` VALUES (82, 241, 83, 2, '口味不错，和描述的一致，值得购买~', '2025-12-19 00:47:40', 204);
INSERT INTO `evaluate` VALUES (83, 159, 76, 3, '味道很正宗，物流给力，会回购！', '2026-01-01 00:47:40', 236);
INSERT INTO `evaluate` VALUES (84, 168, 82, 4, '包装很用心，物流时效高，口味超出预期', '2026-01-08 00:47:40', 39);
INSERT INTO `evaluate` VALUES (85, 379, 76, 1, '包装简约但结实，商品完好，口味也很赞', '2025-12-22 00:47:40', 221);
INSERT INTO `evaluate` VALUES (86, 358, 82, 3, '包装很用心，物流时效高，口味超出预期', '2025-12-17 00:47:40', 121);
INSERT INTO `evaluate` VALUES (87, 39, 99, 2, '口味不错，和描述的一致，值得购买~', '2025-12-20 00:47:40', 66);
INSERT INTO `evaluate` VALUES (88, 238, 76, 2, '包装简约但结实，商品完好，口味也很赞', '2025-12-19 00:47:40', 130);
INSERT INTO `evaluate` VALUES (89, 112, 81, 3, '口味一般，不过包装和物流都还可以', '2025-12-25 00:47:40', 33);
INSERT INTO `evaluate` VALUES (90, 365, 81, 2, '包装简约但结实，商品完好，口味也很赞', '2025-12-31 00:47:40', 204);
INSERT INTO `evaluate` VALUES (91, 281, 82, 3, '包装很用心，物流时效高，口味超出预期', '2025-12-17 00:47:40', 111);
INSERT INTO `evaluate` VALUES (92, 390, 82, 2, '物流有点慢，但包装和口味都没让人失望', '2026-01-05 00:47:40', 142);
INSERT INTO `evaluate` VALUES (93, 128, 86, 1, '物流速度很快，第二天就收到了，体验很好', '2026-01-06 00:47:40', 239);
INSERT INTO `evaluate` VALUES (94, 54, 101, 2, '口味一般，不过包装和物流都还可以', '2025-12-22 00:47:40', 43);
INSERT INTO `evaluate` VALUES (95, 424, 83, 5, '口味不错，和描述的一致，值得购买~', '2026-01-09 00:47:40', 135);
INSERT INTO `evaluate` VALUES (96, 197, 83, 2, '包装很用心，物流时效高，口味超出预期', '2025-12-27 00:47:40', 154);
INSERT INTO `evaluate` VALUES (97, 148, 82, 4, '物流有点慢，但包装和口味都没让人失望', '2025-12-18 00:47:40', 2);
INSERT INTO `evaluate` VALUES (98, 131, 81, 3, '物流速度很快，第二天就收到了，体验很好', '2025-12-19 00:47:40', 149);
INSERT INTO `evaluate` VALUES (99, 449, 81, 4, '口味不错，和描述的一致，值得购买~', '2025-12-22 00:47:40', 135);
INSERT INTO `evaluate` VALUES (100, 254, 83, 5, '包装很精致，没有破损，好评！', '2026-01-13 00:47:40', 217);
INSERT INTO `evaluate` VALUES (101, 238, 76, 2, '味道很正宗，物流给力，会回购！', '2026-01-11 00:47:40', 238);
INSERT INTO `evaluate` VALUES (102, 107, 81, 3, '包装很精致，没有破损，好评！', '2025-12-22 00:47:40', 121);
INSERT INTO `evaluate` VALUES (103, 58, 103, 3, '味道很正宗，物流给力，会回购！', '2026-01-07 00:47:40', 2);
INSERT INTO `evaluate` VALUES (104, 257, 86, 1, '包装简约但结实，商品完好，口味也很赞', '2026-01-08 00:47:40', 138);
INSERT INTO `evaluate` VALUES (105, 50, 97, 2, '包装很用心，物流时效高，口味超出预期', '2026-01-04 00:47:40', 3);
INSERT INTO `evaluate` VALUES (106, 398, 82, 1, '口味一般，不过包装和物流都还可以', '2025-12-30 00:47:40', 212);
INSERT INTO `evaluate` VALUES (107, 229, 83, 5, '味道很正宗，物流给力，会回购！', '2026-01-12 00:47:40', 213);
INSERT INTO `evaluate` VALUES (108, 298, 75, 1, '包装简约但结实，商品完好，口味也很赞', '2025-12-20 00:47:40', 120);
INSERT INTO `evaluate` VALUES (109, 114, 82, 1, '包装很精致，没有破损，好评！', '2025-12-26 00:47:40', 210);
INSERT INTO `evaluate` VALUES (110, 372, 76, 4, '包装简约但结实，商品完好，口味也很赞', '2025-12-29 00:47:40', 185);
INSERT INTO `evaluate` VALUES (111, 400, 76, 4, '包装很精致，没有破损，好评！', '2026-01-13 00:47:40', 137);
INSERT INTO `evaluate` VALUES (112, 428, 83, 4, '物流有点慢，但包装和口味都没让人失望', '2025-12-17 00:47:40', 223);
INSERT INTO `evaluate` VALUES (113, 274, 76, 5, '包装很用心，物流时效高，口味超出预期', '2025-12-23 00:47:40', 120);
INSERT INTO `evaluate` VALUES (114, 204, 76, 3, '口味不错，和描述的一致，值得购买~', '2026-01-03 00:47:40', 13);
INSERT INTO `evaluate` VALUES (115, 363, 83, 4, '包装很精致，没有破损，好评！', '2026-01-05 00:47:40', 245);
INSERT INTO `evaluate` VALUES (116, 246, 82, 4, '包装很精致，没有破损，好评！', '2026-01-06 00:47:40', 168);
INSERT INTO `evaluate` VALUES (117, 140, 81, 5, '味道很正宗，物流给力，会回购！', '2025-12-27 00:47:40', 12);
INSERT INTO `evaluate` VALUES (118, 288, 81, 2, '物流有点慢，但包装和口味都没让人失望', '2025-12-20 00:47:40', 130);
INSERT INTO `evaluate` VALUES (119, 367, 75, 4, '包装简约但结实，商品完好，口味也很赞', '2026-01-10 00:47:40', 153);
INSERT INTO `evaluate` VALUES (120, 317, 86, 3, '口味一般，不过包装和物流都还可以', '2026-01-08 00:47:40', 171);
INSERT INTO `evaluate` VALUES (121, 387, 76, 5, '味道很正宗，物流给力，会回购！', '2026-01-02 00:47:40', 181);
INSERT INTO `evaluate` VALUES (122, 436, 82, 1, '包装很用心，物流时效高，口味超出预期', '2026-01-09 00:47:40', 7);
INSERT INTO `evaluate` VALUES (123, 96, 75, 1, '味道很正宗，物流给力，会回购！', '2026-01-05 00:47:40', 207);
INSERT INTO `evaluate` VALUES (124, 395, 76, 3, '味道很正宗，物流给力，会回购！', '2026-01-06 00:47:40', 5);
INSERT INTO `evaluate` VALUES (125, 127, 82, 4, '口味一般，不过包装和物流都还可以', '2026-01-03 00:47:40', 25);
INSERT INTO `evaluate` VALUES (126, 400, 86, 3, '物流速度很快，第二天就收到了，体验很好', '2026-01-03 00:47:40', 23);
INSERT INTO `evaluate` VALUES (127, 337, 83, 3, '包装简约但结实，商品完好，口味也很赞', '2026-01-03 00:47:40', 205);
INSERT INTO `evaluate` VALUES (128, 336, 82, 4, '口味一般，不过包装和物流都还可以', '2025-12-27 00:47:40', 101);
INSERT INTO `evaluate` VALUES (129, 358, 86, 3, '包装简约但结实，商品完好，口味也很赞', '2026-01-15 00:47:40', 178);
INSERT INTO `evaluate` VALUES (130, 134, 75, 1, '物流有点慢，但包装和口味都没让人失望', '2026-01-02 00:47:40', 243);
INSERT INTO `evaluate` VALUES (131, 123, 86, 3, '包装简约但结实，商品完好，口味也很赞', '2026-01-14 00:47:40', 76);
INSERT INTO `evaluate` VALUES (132, 262, 81, 4, '包装很精致，没有破损，好评！', '2026-01-06 00:47:40', 190);
INSERT INTO `evaluate` VALUES (133, 212, 75, 3, '包装简约但结实，商品完好，口味也很赞', '2026-01-03 00:47:40', 156);
INSERT INTO `evaluate` VALUES (134, 446, 75, 2, '包装简约但结实，商品完好，口味也很赞', '2026-01-07 00:47:40', 181);
INSERT INTO `evaluate` VALUES (135, 236, 83, 4, '物流速度很快，第二天就收到了，体验很好', '2025-12-28 00:47:40', 167);
INSERT INTO `evaluate` VALUES (136, 80, 82, 5, '口味不错，和描述的一致，值得购买~', '2025-12-29 00:47:40', 36);
INSERT INTO `evaluate` VALUES (137, 421, 81, 4, '口味不错，和描述的一致，值得购买~', '2025-12-23 00:47:40', 41);
INSERT INTO `evaluate` VALUES (138, 59, 103, 3, '包装很精致，没有破损，好评！', '2025-12-20 00:47:40', 2);
INSERT INTO `evaluate` VALUES (139, 236, 75, 1, '包装很用心，物流时效高，口味超出预期', '2025-12-26 00:47:40', 19);
INSERT INTO `evaluate` VALUES (140, 63, 1, 2, '口味不错，和描述的一致，值得购买~', '2025-12-28 00:47:40', 38);
INSERT INTO `evaluate` VALUES (141, 371, 83, 2, '物流速度很快，第二天就收到了，体验很好', '2025-12-23 00:47:40', 36);
INSERT INTO `evaluate` VALUES (142, 241, 81, 5, '包装简约但结实，商品完好，口味也很赞', '2026-01-09 00:47:40', 194);
INSERT INTO `evaluate` VALUES (143, 374, 76, 3, '口味一般，不过包装和物流都还可以', '2025-12-17 00:47:40', 80);
INSERT INTO `evaluate` VALUES (144, 326, 82, 4, '物流速度很快，第二天就收到了，体验很好', '2025-12-24 00:47:40', 44);
INSERT INTO `evaluate` VALUES (145, 60, 103, 1, '包装简约但结实，商品完好，口味也很赞', '2026-01-04 00:47:40', 2);
INSERT INTO `evaluate` VALUES (146, 355, 86, 4, '物流有点慢，但包装和口味都没让人失望', '2026-01-06 00:47:40', 45);
INSERT INTO `evaluate` VALUES (147, 222, 75, 1, '口味一般，不过包装和物流都还可以', '2026-01-02 00:47:40', 47);
INSERT INTO `evaluate` VALUES (148, 296, 82, 1, '口味不错，和描述的一致，值得购买~', '2026-01-14 00:47:40', 11);
INSERT INTO `evaluate` VALUES (149, 230, 86, 2, '物流速度很快，第二天就收到了，体验很好', '2026-01-12 00:47:40', 107);
INSERT INTO `evaluate` VALUES (150, 168, 83, 5, '物流有点慢，但包装和口味都没让人失望', '2025-12-23 00:47:40', 97);
INSERT INTO `evaluate` VALUES (151, 113, 83, 3, '包装很用心，物流时效高，口味超出预期', '2025-12-28 00:47:40', 14);
INSERT INTO `evaluate` VALUES (152, 446, 75, 4, '包装很精致，没有破损，好评！', '2025-12-30 00:47:40', 153);
INSERT INTO `evaluate` VALUES (153, 357, 81, 2, '包装很用心，物流时效高，口味超出预期', '2025-12-29 00:47:40', 197);
INSERT INTO `evaluate` VALUES (154, 95, 76, 4, '味道很正宗，物流给力，会回购！', '2025-12-25 00:47:40', 148);
INSERT INTO `evaluate` VALUES (155, 78, 100, 2, '物流速度很快，第二天就收到了，体验很好', '2025-12-25 00:47:40', 24);
INSERT INTO `evaluate` VALUES (156, 289, 76, 5, '口味一般，不过包装和物流都还可以', '2026-01-12 00:47:40', 189);
INSERT INTO `evaluate` VALUES (157, 227, 86, 3, '物流速度很快，第二天就收到了，体验很好', '2025-12-21 00:47:40', 234);
INSERT INTO `evaluate` VALUES (158, 72, 3, 3, '物流速度很快，第二天就收到了，体验很好', '2025-12-22 00:47:40', 43);
INSERT INTO `evaluate` VALUES (159, 255, 82, 1, '味道很正宗，物流给力，会回购！', '2025-12-21 00:47:40', 166);
INSERT INTO `evaluate` VALUES (160, 424, 86, 4, '物流速度很快，第二天就收到了，体验很好', '2025-12-23 00:47:40', 165);
INSERT INTO `evaluate` VALUES (161, 332, 86, 3, '包装很精致，没有破损，好评！', '2025-12-19 00:47:40', 50);
INSERT INTO `evaluate` VALUES (162, 189, 81, 3, '口味一般，不过包装和物流都还可以', '2025-12-17 00:47:40', 2);
INSERT INTO `evaluate` VALUES (163, 388, 81, 5, '口味不错，和描述的一致，值得购买~', '2026-01-03 00:47:40', 166);
INSERT INTO `evaluate` VALUES (164, 327, 82, 5, '味道很正宗，物流给力，会回购！', '2026-01-12 00:47:40', 15);
INSERT INTO `evaluate` VALUES (165, 212, 82, 1, '包装简约但结实，商品完好，口味也很赞', '2025-12-18 00:47:40', 184);
INSERT INTO `evaluate` VALUES (166, 44, 98, 4, '物流速度很快，第二天就收到了，体验很好', '2025-12-30 00:47:40', 7);
INSERT INTO `evaluate` VALUES (167, 236, 75, 5, '物流速度很快，第二天就收到了，体验很好', '2025-12-17 00:47:40', 98);
INSERT INTO `evaluate` VALUES (168, 329, 81, 2, '物流速度很快，第二天就收到了，体验很好', '2025-12-28 00:47:40', 72);
INSERT INTO `evaluate` VALUES (169, 376, 76, 4, '味道很正宗，物流给力，会回购！', '2025-12-21 00:47:40', 195);
INSERT INTO `evaluate` VALUES (170, 285, 76, 1, '包装很用心，物流时效高，口味超出预期', '2026-01-15 00:47:40', 31);
INSERT INTO `evaluate` VALUES (171, 310, 76, 5, '口味一般，不过包装和物流都还可以', '2025-12-23 00:47:40', 6);
INSERT INTO `evaluate` VALUES (172, 158, 82, 3, '物流有点慢，但包装和口味都没让人失望', '2025-12-25 00:47:40', 16);
INSERT INTO `evaluate` VALUES (173, 447, 81, 1, '味道很正宗，物流给力，会回购！', '2026-01-10 00:47:40', 183);
INSERT INTO `evaluate` VALUES (174, 156, 83, 5, '物流速度很快，第二天就收到了，体验很好', '2025-12-20 00:47:40', 88);
INSERT INTO `evaluate` VALUES (175, 226, 83, 4, '物流有点慢，但包装和口味都没让人失望', '2026-01-15 00:47:40', 112);
INSERT INTO `evaluate` VALUES (176, 51, 101, 3, '包装很用心，物流时效高，口味超出预期', '2025-12-24 00:47:40', 43);
INSERT INTO `evaluate` VALUES (177, 70, 1, 1, '味道很正宗，物流给力，会回购！', '2025-12-29 00:47:40', 38);
INSERT INTO `evaluate` VALUES (178, 384, 76, 2, '包装很精致，没有破损，好评！', '2026-01-13 00:47:40', 162);
INSERT INTO `evaluate` VALUES (179, 399, 75, 5, '物流速度很快，第二天就收到了，体验很好', '2025-12-20 00:47:40', 40);
INSERT INTO `evaluate` VALUES (180, 386, 82, 2, '物流速度很快，第二天就收到了，体验很好', '2025-12-30 00:47:40', 197);
INSERT INTO `evaluate` VALUES (181, 168, 82, 1, '物流有点慢，但包装和口味都没让人失望', '2025-12-25 00:47:40', 129);
INSERT INTO `evaluate` VALUES (182, 185, 82, 3, '包装很精致，没有破损，好评！', '2025-12-22 00:47:40', 117);
INSERT INTO `evaluate` VALUES (183, 298, 82, 4, '物流速度很快，第二天就收到了，体验很好', '2026-01-12 00:47:40', 4);
INSERT INTO `evaluate` VALUES (184, 195, 83, 3, '口味不错，和描述的一致，值得购买~', '2025-12-22 00:47:40', 80);
INSERT INTO `evaluate` VALUES (185, 205, 86, 1, '物流速度很快，第二天就收到了，体验很好', '2025-12-30 00:47:40', 239);
INSERT INTO `evaluate` VALUES (186, 254, 82, 3, '物流有点慢，但包装和口味都没让人失望', '2025-12-27 00:47:40', 111);
INSERT INTO `evaluate` VALUES (187, 295, 86, 3, '味道很正宗，物流给力，会回购！', '2026-01-05 00:47:40', 157);
INSERT INTO `evaluate` VALUES (188, 60, 103, 1, '物流速度很快，第二天就收到了，体验很好', '2026-01-13 00:47:40', 2);
INSERT INTO `evaluate` VALUES (189, 446, 82, 5, '口味不错，和描述的一致，值得购买~', '2025-12-25 00:47:40', 182);
INSERT INTO `evaluate` VALUES (190, 435, 86, 2, '物流速度很快，第二天就收到了，体验很好', '2026-01-12 00:47:40', 129);
INSERT INTO `evaluate` VALUES (191, 422, 86, 1, '物流速度很快，第二天就收到了，体验很好', '2025-12-31 00:47:40', 210);
INSERT INTO `evaluate` VALUES (192, 429, 81, 4, '口味一般，不过包装和物流都还可以', '2025-12-21 00:47:40', 195);
INSERT INTO `evaluate` VALUES (193, 71, 2, 5, '包装很用心，物流时效高，口味超出预期', '2026-01-01 00:47:40', 36);
INSERT INTO `evaluate` VALUES (194, 221, 76, 1, '味道很正宗，物流给力，会回购！', '2025-12-30 00:47:40', 1);
INSERT INTO `evaluate` VALUES (195, 114, 83, 3, '包装简约但结实，商品完好，口味也很赞', '2025-12-28 00:47:40', 7);
INSERT INTO `evaluate` VALUES (196, 187, 75, 3, '味道很正宗，物流给力，会回购！', '2026-01-13 00:47:40', 86);
INSERT INTO `evaluate` VALUES (197, 339, 76, 1, '包装简约但结实，商品完好，口味也很赞', '2025-12-19 00:47:40', 90);
INSERT INTO `evaluate` VALUES (198, 105, 81, 5, '口味不错，和描述的一致，值得购买~', '2026-01-15 00:47:40', 183);
INSERT INTO `evaluate` VALUES (199, 169, 86, 4, '口味不错，和描述的一致，值得购买~', '2025-12-31 00:47:40', 150);
INSERT INTO `evaluate` VALUES (200, 2, 97, 5, '口味一般，不过包装和物流都还可以', '2026-01-10 00:47:40', 4);
INSERT INTO `evaluate` VALUES (201, 57, 101, 2, '物流速度很快，第二天就收到了，体验很好', '2025-12-22 00:47:40', 43);
INSERT INTO `evaluate` VALUES (202, 299, 86, 3, '口味不错，和描述的一致，值得购买~', '2025-12-21 00:47:40', 113);
INSERT INTO `evaluate` VALUES (203, 258, 82, 5, '包装简约但结实，商品完好，口味也很赞', '2025-12-31 00:47:40', 5);
INSERT INTO `evaluate` VALUES (204, 387, 86, 2, '包装很精致，没有破损，好评！', '2026-01-14 00:47:40', 209);
INSERT INTO `evaluate` VALUES (205, 248, 76, 1, '口味不错，和描述的一致，值得购买~', '2025-12-21 00:47:40', 42);
INSERT INTO `evaluate` VALUES (206, 186, 76, 2, '物流速度很快，第二天就收到了，体验很好', '2025-12-18 00:47:40', 110);
INSERT INTO `evaluate` VALUES (207, 64, 1, 3, '口味一般，不过包装和物流都还可以', '2025-12-26 00:47:40', 38);
INSERT INTO `evaluate` VALUES (208, 130, 81, 2, '物流有点慢，但包装和口味都没让人失望', '2026-01-07 00:47:40', 98);
INSERT INTO `evaluate` VALUES (209, 113, 82, 3, '口味不错，和描述的一致，值得购买~', '2025-12-17 00:47:40', 200);
INSERT INTO `evaluate` VALUES (210, 355, 82, 5, '味道很正宗，物流给力，会回购！', '2026-01-09 00:47:40', 101);
INSERT INTO `evaluate` VALUES (211, 138, 75, 3, '包装很用心，物流时效高，口味超出预期', '2026-01-13 00:47:40', 114);
INSERT INTO `evaluate` VALUES (212, 245, 86, 2, '口味不错，和描述的一致，值得购买~', '2026-01-15 00:47:40', 2);
INSERT INTO `evaluate` VALUES (213, 234, 75, 1, '口味不错，和描述的一致，值得购买~', '2025-12-24 00:47:40', 8);
INSERT INTO `evaluate` VALUES (214, 255, 76, 2, '包装很用心，物流时效高，口味超出预期', '2026-01-02 00:47:40', 77);
INSERT INTO `evaluate` VALUES (215, 311, 76, 1, '包装简约但结实，商品完好，口味也很赞', '2025-12-20 00:47:40', 194);
INSERT INTO `evaluate` VALUES (216, 438, 86, 4, '包装很用心，物流时效高，口味超出预期', '2026-01-13 00:47:40', 91);
INSERT INTO `evaluate` VALUES (217, 206, 76, 3, '口味一般，不过包装和物流都还可以', '2026-01-08 00:47:40', 48);
INSERT INTO `evaluate` VALUES (218, 399, 86, 3, '物流速度很快，第二天就收到了，体验很好', '2025-12-31 00:47:40', 26);
INSERT INTO `evaluate` VALUES (219, 365, 81, 1, '物流有点慢，但包装和口味都没让人失望', '2025-12-18 00:47:40', 14);
INSERT INTO `evaluate` VALUES (220, 438, 83, 3, '包装简约但结实，商品完好，口味也很赞', '2026-01-04 00:47:40', 20);
INSERT INTO `evaluate` VALUES (221, 9, 99, 3, '包装很精致，没有破损，好评！', '2025-12-28 00:47:40', 66);
INSERT INTO `evaluate` VALUES (222, 99, 86, 2, '口味一般，不过包装和物流都还可以', '2025-12-21 00:47:40', 9);
INSERT INTO `evaluate` VALUES (223, 71, 3, 1, '物流速度很快，第二天就收到了，体验很好', '2025-12-17 00:47:40', 43);
INSERT INTO `evaluate` VALUES (224, 286, 86, 5, '口味一般，不过包装和物流都还可以', '2026-01-08 00:47:40', 27);
INSERT INTO `evaluate` VALUES (225, 139, 82, 1, '包装简约但结实，商品完好，口味也很赞', '2025-12-18 00:47:40', 72);
INSERT INTO `evaluate` VALUES (226, 392, 81, 3, '味道很正宗，物流给力，会回购！', '2026-01-14 00:47:40', 186);
INSERT INTO `evaluate` VALUES (227, 82, 76, 1, '味道很正宗，物流给力，会回购！', '2025-12-26 00:47:40', 7);
INSERT INTO `evaluate` VALUES (228, 216, 81, 4, '物流速度很快，第二天就收到了，体验很好', '2026-01-05 00:47:40', 224);
INSERT INTO `evaluate` VALUES (229, 226, 75, 2, '包装很精致，没有破损，好评！', '2026-01-06 00:47:40', 195);
INSERT INTO `evaluate` VALUES (230, 44, 97, 4, '口味一般，不过包装和物流都还可以', '2026-01-02 00:47:40', 3);
INSERT INTO `evaluate` VALUES (231, 384, 81, 5, '包装很用心，物流时效高，口味超出预期', '2026-01-08 00:47:40', 42);
INSERT INTO `evaluate` VALUES (232, 302, 76, 2, '包装很用心，物流时效高，口味超出预期', '2025-12-31 00:47:40', 108);
INSERT INTO `evaluate` VALUES (233, 427, 82, 1, '包装很用心，物流时效高，口味超出预期', '2026-01-04 00:47:40', 144);
INSERT INTO `evaluate` VALUES (234, 260, 86, 3, '物流有点慢，但包装和口味都没让人失望', '2025-12-25 00:47:40', 105);
INSERT INTO `evaluate` VALUES (235, 354, 86, 3, '包装很用心，物流时效高，口味超出预期', '2025-12-25 00:47:40', 10);
INSERT INTO `evaluate` VALUES (236, 374, 75, 1, '物流速度很快，第二天就收到了，体验很好', '2026-01-01 00:47:40', 179);
INSERT INTO `evaluate` VALUES (237, 293, 83, 5, '物流有点慢，但包装和口味都没让人失望', '2025-12-19 00:47:40', 37);
INSERT INTO `evaluate` VALUES (238, 89, 86, 4, '包装很精致，没有破损，好评！', '2026-01-04 00:47:40', 214);
INSERT INTO `evaluate` VALUES (239, 358, 76, 1, '物流有点慢，但包装和口味都没让人失望', '2025-12-26 00:47:40', 208);
INSERT INTO `evaluate` VALUES (240, 350, 76, 4, '物流有点慢，但包装和口味都没让人失望', '2026-01-14 00:47:40', 186);
INSERT INTO `evaluate` VALUES (241, 176, 86, 1, '包装很精致，没有破损，好评！', '2025-12-18 00:47:40', 197);
INSERT INTO `evaluate` VALUES (242, 247, 75, 2, '包装简约但结实，商品完好，口味也很赞', '2025-12-19 00:47:40', 34);
INSERT INTO `evaluate` VALUES (243, 289, 81, 3, '物流速度很快，第二天就收到了，体验很好', '2025-12-21 00:47:40', 223);
INSERT INTO `evaluate` VALUES (244, 373, 82, 3, '包装简约但结实，商品完好，口味也很赞', '2025-12-29 00:47:40', 80);
INSERT INTO `evaluate` VALUES (245, 122, 81, 3, '包装很精致，没有破损，好评！', '2025-12-25 00:47:40', 132);
INSERT INTO `evaluate` VALUES (246, 377, 76, 2, '包装简约但结实，商品完好，口味也很赞', '2025-12-18 00:47:40', 128);
INSERT INTO `evaluate` VALUES (247, 147, 83, 4, '口味不错，和描述的一致，值得购买~', '2025-12-22 00:47:40', 237);
INSERT INTO `evaluate` VALUES (248, 173, 82, 2, '口味一般，不过包装和物流都还可以', '2025-12-21 00:47:40', 147);
INSERT INTO `evaluate` VALUES (249, 393, 83, 2, '包装很精致，没有破损，好评！', '2026-01-06 00:47:40', 135);
INSERT INTO `evaluate` VALUES (250, 77, 100, 4, '物流速度很快，第二天就收到了，体验很好', '2025-12-30 00:47:40', 24);
INSERT INTO `evaluate` VALUES (251, 315, 75, 1, '物流有点慢，但包装和口味都没让人失望', '2025-12-18 00:47:40', 122);
INSERT INTO `evaluate` VALUES (252, 165, 82, 5, '口味一般，不过包装和物流都还可以', '2026-01-08 00:47:40', 55);
INSERT INTO `evaluate` VALUES (253, 248, 75, 5, '物流有点慢，但包装和口味都没让人失望', '2026-01-11 00:47:40', 190);
INSERT INTO `evaluate` VALUES (254, 318, 86, 5, '包装简约但结实，商品完好，口味也很赞', '2025-12-17 00:47:40', 20);
INSERT INTO `evaluate` VALUES (255, 390, 82, 4, '味道很正宗，物流给力，会回购！', '2025-12-25 00:47:40', 188);
INSERT INTO `evaluate` VALUES (256, 73, 100, 3, '物流有点慢，但包装和口味都没让人失望', '2026-01-10 00:47:40', 24);
INSERT INTO `evaluate` VALUES (257, 284, 81, 5, '包装很用心，物流时效高，口味超出预期', '2025-12-26 00:47:40', 176);
INSERT INTO `evaluate` VALUES (258, 283, 86, 3, '包装很用心，物流时效高，口味超出预期', '2026-01-12 00:47:40', 195);
INSERT INTO `evaluate` VALUES (259, 404, 82, 1, '物流速度很快，第二天就收到了，体验很好', '2025-12-29 00:47:40', 82);
INSERT INTO `evaluate` VALUES (260, 400, 75, 5, '物流速度很快，第二天就收到了，体验很好', '2025-12-27 00:47:40', 62);
INSERT INTO `evaluate` VALUES (261, 318, 82, 3, '包装简约但结实，商品完好，口味也很赞', '2026-01-11 00:47:40', 163);
INSERT INTO `evaluate` VALUES (262, 157, 81, 1, '口味一般，不过包装和物流都还可以', '2026-01-02 00:47:40', 81);
INSERT INTO `evaluate` VALUES (263, 175, 82, 3, '包装很用心，物流时效高，口味超出预期', '2026-01-08 00:47:40', 31);
INSERT INTO `evaluate` VALUES (264, 122, 81, 4, '包装简约但结实，商品完好，口味也很赞', '2025-12-27 00:47:40', 47);
INSERT INTO `evaluate` VALUES (265, 435, 75, 2, '口味一般，不过包装和物流都还可以', '2025-12-20 00:47:40', 3);
INSERT INTO `evaluate` VALUES (266, 359, 83, 3, '口味不错，和描述的一致，值得购买~', '2026-01-08 00:47:40', 192);
INSERT INTO `evaluate` VALUES (267, 231, 86, 1, '味道很正宗，物流给力，会回购！', '2026-01-05 00:47:40', 149);
INSERT INTO `evaluate` VALUES (268, 336, 82, 5, '口味一般，不过包装和物流都还可以', '2025-12-28 00:47:40', 4);
INSERT INTO `evaluate` VALUES (269, 284, 81, 4, '口味不错，和描述的一致，值得购买~', '2025-12-18 00:47:40', 228);
INSERT INTO `evaluate` VALUES (270, 385, 83, 2, '口味不错，和描述的一致，值得购买~', '2026-01-08 00:47:40', 102);
INSERT INTO `evaluate` VALUES (271, 355, 82, 2, '包装很用心，物流时效高，口味超出预期', '2026-01-06 00:47:40', 56);
INSERT INTO `evaluate` VALUES (272, 185, 83, 1, '味道很正宗，物流给力，会回购！', '2025-12-17 00:47:40', 153);
INSERT INTO `evaluate` VALUES (273, 296, 76, 3, '口味一般，不过包装和物流都还可以', '2026-01-10 00:47:40', 161);
INSERT INTO `evaluate` VALUES (274, 344, 83, 2, '物流有点慢，但包装和口味都没让人失望', '2025-12-18 00:47:40', 180);
INSERT INTO `evaluate` VALUES (275, 40, 99, 3, '包装很用心，物流时效高，口味超出预期', '2025-12-24 00:47:40', 66);
INSERT INTO `evaluate` VALUES (276, 416, 86, 5, '口味一般，不过包装和物流都还可以', '2026-01-15 00:47:40', 243);
INSERT INTO `evaluate` VALUES (277, 368, 75, 4, '物流速度很快，第二天就收到了，体验很好', '2026-01-04 00:47:40', 88);
INSERT INTO `evaluate` VALUES (278, 372, 82, 2, '包装简约但结实，商品完好，口味也很赞', '2025-12-26 00:47:40', 69);
INSERT INTO `evaluate` VALUES (279, 357, 81, 5, '口味一般，不过包装和物流都还可以', '2026-01-05 00:47:40', 104);
INSERT INTO `evaluate` VALUES (280, 98, 81, 1, '味道很正宗，物流给力，会回购！', '2026-01-11 00:47:40', 82);
INSERT INTO `evaluate` VALUES (281, 132, 76, 1, '包装很精致，没有破损，好评！', '2025-12-24 00:47:40', 147);
INSERT INTO `evaluate` VALUES (282, 256, 86, 3, '物流速度很快，第二天就收到了，体验很好', '2026-01-05 00:47:40', 96);
INSERT INTO `evaluate` VALUES (283, 194, 75, 3, '包装很精致，没有破损，好评！', '2026-01-12 00:47:40', 15);
INSERT INTO `evaluate` VALUES (284, 449, 75, 2, '包装简约但结实，商品完好，口味也很赞', '2026-01-05 00:47:40', 75);
INSERT INTO `evaluate` VALUES (285, 275, 81, 5, '包装简约但结实，商品完好，口味也很赞', '2026-01-04 00:47:40', 31);
INSERT INTO `evaluate` VALUES (286, 411, 86, 3, '物流速度很快，第二天就收到了，体验很好', '2026-01-05 00:47:40', 196);
INSERT INTO `evaluate` VALUES (287, 214, 83, 4, '包装很精致，没有破损，好评！', '2026-01-04 00:47:40', 200);
INSERT INTO `evaluate` VALUES (288, 344, 86, 2, '口味不错，和描述的一致，值得购买~', '2026-01-07 00:47:40', 58);
INSERT INTO `evaluate` VALUES (289, 336, 76, 2, '口味不错，和描述的一致，值得购买~', '2026-01-12 00:47:40', 48);
INSERT INTO `evaluate` VALUES (290, 344, 83, 2, '包装很用心，物流时效高，口味超出预期', '2026-01-02 00:47:40', 97);
INSERT INTO `evaluate` VALUES (291, 105, 76, 5, '包装很用心，物流时效高，口味超出预期', '2026-01-15 00:47:40', 187);
INSERT INTO `evaluate` VALUES (292, 392, 76, 3, '包装很用心，物流时效高，口味超出预期', '2026-01-12 00:47:40', 80);
INSERT INTO `evaluate` VALUES (293, 423, 82, 3, '口味一般，不过包装和物流都还可以', '2026-01-10 00:47:40', 58);
INSERT INTO `evaluate` VALUES (294, 239, 76, 2, '包装很用心，物流时效高，口味超出预期', '2026-01-02 00:47:40', 149);
INSERT INTO `evaluate` VALUES (295, 53, 101, 5, '口味一般，不过包装和物流都还可以', '2025-12-18 00:47:40', 43);
INSERT INTO `evaluate` VALUES (296, 140, 83, 3, '包装简约但结实，商品完好，口味也很赞', '2026-01-05 00:47:40', 107);
INSERT INTO `evaluate` VALUES (297, 127, 81, 4, '包装很用心，物流时效高，口味超出预期', '2025-12-30 00:47:40', 235);
INSERT INTO `evaluate` VALUES (298, 321, 82, 4, '包装很精致，没有破损，好评！', '2025-12-17 00:47:40', 178);
INSERT INTO `evaluate` VALUES (299, 199, 86, 3, '口味一般，不过包装和物流都还可以', '2025-12-19 00:47:40', 34);
INSERT INTO `evaluate` VALUES (300, 239, 81, 4, '口味一般，不过包装和物流都还可以', '2025-12-29 00:47:40', 218);
INSERT INTO `evaluate` VALUES (301, 74, 100, 1, '口味不错，和描述的一致，值得购买~', '2025-12-26 00:47:40', 24);
INSERT INTO `evaluate` VALUES (302, 111, 81, 4, '口味一般，不过包装和物流都还可以', '2025-12-19 00:47:40', 137);
INSERT INTO `evaluate` VALUES (303, 306, 86, 3, '物流有点慢，但包装和口味都没让人失望', '2026-01-05 00:47:40', 245);
INSERT INTO `evaluate` VALUES (304, 133, 81, 5, '包装很精致，没有破损，好评！', '2025-12-31 00:47:40', 35);
INSERT INTO `evaluate` VALUES (305, 361, 75, 4, '口味一般，不过包装和物流都还可以', '2026-01-13 00:47:40', 23);
INSERT INTO `evaluate` VALUES (306, 290, 75, 2, '口味一般，不过包装和物流都还可以', '2025-12-28 00:47:40', 39);
INSERT INTO `evaluate` VALUES (307, 179, 76, 3, '口味不错，和描述的一致，值得购买~', '2026-01-14 00:47:40', 137);
INSERT INTO `evaluate` VALUES (308, 370, 86, 4, '包装很精致，没有破损，好评！', '2025-12-26 00:47:40', 194);
INSERT INTO `evaluate` VALUES (309, 430, 83, 1, '味道很正宗，物流给力，会回购！', '2026-01-11 00:47:40', 144);
INSERT INTO `evaluate` VALUES (310, 393, 82, 3, '包装很精致，没有破损，好评！', '2026-01-05 00:47:40', 215);
INSERT INTO `evaluate` VALUES (311, 52, 101, 5, '口味一般，不过包装和物流都还可以', '2026-01-05 00:47:40', 43);
INSERT INTO `evaluate` VALUES (312, 255, 81, 4, '包装很精致，没有破损，好评！', '2025-12-18 00:47:40', 150);
INSERT INTO `evaluate` VALUES (313, 196, 81, 5, '味道很正宗，物流给力，会回购！', '2026-01-11 00:47:40', 59);
INSERT INTO `evaluate` VALUES (314, 357, 82, 3, '味道很正宗，物流给力，会回购！', '2025-12-30 00:47:40', 232);
INSERT INTO `evaluate` VALUES (315, 350, 76, 4, '口味不错，和描述的一致，值得购买~', '2026-01-02 00:47:40', 195);
INSERT INTO `evaluate` VALUES (316, 147, 82, 2, '口味不错，和描述的一致，值得购买~', '2025-12-21 00:47:40', 207);
INSERT INTO `evaluate` VALUES (317, 287, 83, 2, '物流速度很快，第二天就收到了，体验很好', '2025-12-22 00:47:40', 215);
INSERT INTO `evaluate` VALUES (318, 328, 86, 1, '物流速度很快，第二天就收到了，体验很好', '2025-12-24 00:47:40', 13);
INSERT INTO `evaluate` VALUES (319, 154, 76, 2, '包装很用心，物流时效高，口味超出预期', '2025-12-23 00:47:40', 53);
INSERT INTO `evaluate` VALUES (320, 351, 81, 3, '物流速度很快，第二天就收到了，体验很好', '2025-12-20 00:47:40', 236);
INSERT INTO `evaluate` VALUES (321, 180, 86, 3, '包装很用心，物流时效高，口味超出预期', '2026-01-13 00:47:40', 122);
INSERT INTO `evaluate` VALUES (322, 355, 82, 1, '包装很用心，物流时效高，口味超出预期', '2026-01-11 00:47:40', 170);
INSERT INTO `evaluate` VALUES (323, 423, 81, 1, '包装很精致，没有破损，好评！', '2026-01-09 00:47:40', 66);
INSERT INTO `evaluate` VALUES (324, 41, 98, 5, '口味一般，不过包装和物流都还可以', '2025-12-19 00:47:40', 7);
INSERT INTO `evaluate` VALUES (325, 195, 86, 5, '物流速度很快，第二天就收到了，体验很好', '2025-12-23 00:47:40', 198);
INSERT INTO `evaluate` VALUES (326, 377, 75, 5, '物流速度很快，第二天就收到了，体验很好', '2026-01-12 00:47:40', 39);
INSERT INTO `evaluate` VALUES (327, 287, 75, 2, '物流速度很快，第二天就收到了，体验很好', '2025-12-28 00:47:40', 13);
INSERT INTO `evaluate` VALUES (328, 240, 81, 4, '包装很用心，物流时效高，口味超出预期', '2026-01-08 00:47:40', 94);
INSERT INTO `evaluate` VALUES (329, 71, 3, 4, '口味一般，不过包装和物流都还可以', '2025-12-24 00:47:40', 43);
INSERT INTO `evaluate` VALUES (330, 387, 82, 4, '口味不错，和描述的一致，值得购买~', '2025-12-20 00:47:40', 87);
INSERT INTO `evaluate` VALUES (331, 317, 83, 3, '物流速度很快，第二天就收到了，体验很好', '2026-01-15 00:47:40', 187);
INSERT INTO `evaluate` VALUES (332, 6, 99, 2, '包装很精致，没有破损，好评！', '2025-12-28 00:47:40', 66);
INSERT INTO `evaluate` VALUES (333, 77, 100, 3, '包装很精致，没有破损，好评！', '2026-01-14 00:47:40', 24);
INSERT INTO `evaluate` VALUES (334, 39, 99, 3, '包装很用心，物流时效高，口味超出预期', '2025-12-19 00:47:40', 66);
INSERT INTO `evaluate` VALUES (335, 119, 86, 2, '包装很精致，没有破损，好评！', '2025-12-21 00:47:40', 43);
INSERT INTO `evaluate` VALUES (336, 314, 86, 3, '口味一般，不过包装和物流都还可以', '2025-12-18 00:47:40', 90);
INSERT INTO `evaluate` VALUES (337, 378, 76, 3, '物流速度很快，第二天就收到了，体验很好', '2026-01-09 00:47:40', 98);
INSERT INTO `evaluate` VALUES (338, 349, 75, 2, '物流速度很快，第二天就收到了，体验很好', '2025-12-23 00:47:40', 20);
INSERT INTO `evaluate` VALUES (339, 102, 81, 2, '包装简约但结实，商品完好，口味也很赞', '2026-01-02 00:47:40', 123);
INSERT INTO `evaluate` VALUES (340, 335, 82, 4, '味道很正宗，物流给力，会回购！', '2025-12-17 00:47:40', 14);
INSERT INTO `evaluate` VALUES (341, 105, 76, 3, '物流有点慢，但包装和口味都没让人失望', '2026-01-08 00:47:40', 9);
INSERT INTO `evaluate` VALUES (342, 302, 81, 2, '物流有点慢，但包装和口味都没让人失望', '2025-12-18 00:47:40', 200);
INSERT INTO `evaluate` VALUES (343, 42, 98, 5, '口味一般，不过包装和物流都还可以', '2025-12-24 00:47:40', 7);
INSERT INTO `evaluate` VALUES (344, 274, 86, 4, '物流有点慢，但包装和口味都没让人失望', '2025-12-24 00:47:40', 19);
INSERT INTO `evaluate` VALUES (345, 263, 75, 1, '物流速度很快，第二天就收到了，体验很好', '2025-12-19 00:47:40', 206);
INSERT INTO `evaluate` VALUES (346, 100, 76, 1, '包装简约但结实，商品完好，口味也很赞', '2025-12-25 00:47:40', 223);
INSERT INTO `evaluate` VALUES (347, 40, 98, 1, '包装简约但结实，商品完好，口味也很赞', '2025-12-23 00:47:40', 7);
INSERT INTO `evaluate` VALUES (348, 176, 83, 3, '包装很精致，没有破损，好评！', '2025-12-18 00:47:40', 217);
INSERT INTO `evaluate` VALUES (349, 229, 76, 1, '口味不错，和描述的一致，值得购买~', '2025-12-21 00:47:40', 205);
INSERT INTO `evaluate` VALUES (350, 365, 82, 3, '包装简约但结实，商品完好，口味也很赞', '2026-01-15 00:47:40', 16);
INSERT INTO `evaluate` VALUES (351, 192, 75, 5, '包装简约但结实，商品完好，口味也很赞', '2026-01-04 00:47:40', 144);
INSERT INTO `evaluate` VALUES (352, 317, 82, 3, '物流有点慢，但包装和口味都没让人失望', '2026-01-03 00:47:40', 128);
INSERT INTO `evaluate` VALUES (353, 123, 82, 2, '物流有点慢，但包装和口味都没让人失望', '2026-01-15 00:47:40', 108);
INSERT INTO `evaluate` VALUES (354, 118, 76, 4, '包装简约但结实，商品完好，口味也很赞', '2026-01-13 00:47:40', 135);
INSERT INTO `evaluate` VALUES (355, 257, 83, 1, '包装很精致，没有破损，好评！', '2026-01-06 00:47:40', 69);
INSERT INTO `evaluate` VALUES (356, 99, 76, 3, '口味不错，和描述的一致，值得购买~', '2026-01-14 00:47:40', 139);
INSERT INTO `evaluate` VALUES (357, 352, 82, 3, '口味一般，不过包装和物流都还可以', '2025-12-19 00:47:40', 33);
INSERT INTO `evaluate` VALUES (358, 408, 81, 2, '包装很用心，物流时效高，口味超出预期', '2026-01-12 00:47:40', 235);
INSERT INTO `evaluate` VALUES (359, 324, 75, 4, '味道很正宗，物流给力，会回购！', '2025-12-22 00:47:40', 117);
INSERT INTO `evaluate` VALUES (360, 410, 86, 4, '包装简约但结实，商品完好，口味也很赞', '2025-12-29 00:47:40', 137);
INSERT INTO `evaluate` VALUES (361, 108, 82, 3, '物流速度很快，第二天就收到了，体验很好', '2026-01-15 00:47:40', 36);
INSERT INTO `evaluate` VALUES (362, 91, 75, 3, '味道很正宗，物流给力，会回购！', '2025-12-24 00:47:40', 26);
INSERT INTO `evaluate` VALUES (363, 247, 81, 1, '味道很正宗，物流给力，会回购！', '2026-01-03 00:47:40', 56);
INSERT INTO `evaluate` VALUES (364, 196, 83, 4, '味道很正宗，物流给力，会回购！', '2025-12-28 00:47:40', 245);
INSERT INTO `evaluate` VALUES (365, 184, 76, 4, '物流有点慢，但包装和口味都没让人失望', '2026-01-14 00:47:40', 60);
INSERT INTO `evaluate` VALUES (366, 307, 76, 4, '包装很用心，物流时效高，口味超出预期', '2026-01-11 00:47:40', 138);
INSERT INTO `evaluate` VALUES (367, 415, 86, 1, '味道很正宗，物流给力，会回购！', '2025-12-29 00:47:40', 134);
INSERT INTO `evaluate` VALUES (368, 176, 76, 4, '口味一般，不过包装和物流都还可以', '2026-01-03 00:47:40', 56);
INSERT INTO `evaluate` VALUES (369, 240, 82, 4, '口味不错，和描述的一致，值得购买~', '2026-01-11 00:47:40', 42);
INSERT INTO `evaluate` VALUES (370, 92, 86, 5, '味道很正宗，物流给力，会回购！', '2026-01-11 00:47:40', 150);
INSERT INTO `evaluate` VALUES (371, 109, 82, 2, '包装很精致，没有破损，好评！', '2026-01-04 00:47:40', 36);
INSERT INTO `evaluate` VALUES (372, 172, 76, 3, '物流有点慢，但包装和口味都没让人失望', '2026-01-01 00:47:40', 129);
INSERT INTO `evaluate` VALUES (373, 397, 83, 5, '物流速度很快，第二天就收到了，体验很好', '2025-12-23 00:47:40', 9);
INSERT INTO `evaluate` VALUES (374, 114, 76, 4, '物流速度很快，第二天就收到了，体验很好', '2026-01-04 00:47:40', 246);
INSERT INTO `evaluate` VALUES (375, 136, 83, 3, '包装简约但结实，商品完好，口味也很赞', '2025-12-24 00:47:40', 22);
INSERT INTO `evaluate` VALUES (376, 155, 83, 1, '包装很用心，物流时效高，口味超出预期', '2026-01-05 00:47:40', 159);
INSERT INTO `evaluate` VALUES (377, 125, 83, 5, '味道很正宗，物流给力，会回购！', '2026-01-10 00:47:40', 133);
INSERT INTO `evaluate` VALUES (378, 295, 86, 2, '包装很用心，物流时效高，口味超出预期', '2025-12-26 00:47:40', 165);
INSERT INTO `evaluate` VALUES (379, 344, 75, 4, '味道很正宗，物流给力，会回购！', '2026-01-04 00:47:40', 149);
INSERT INTO `evaluate` VALUES (380, 62, 103, 2, '物流有点慢，但包装和口味都没让人失望', '2026-01-06 00:47:40', 2);
INSERT INTO `evaluate` VALUES (381, 407, 86, 5, '口味一般，不过包装和物流都还可以', '2025-12-23 00:47:40', 72);
INSERT INTO `evaluate` VALUES (382, 280, 76, 1, '物流速度很快，第二天就收到了，体验很好', '2026-01-10 00:47:40', 224);
INSERT INTO `evaluate` VALUES (383, 317, 83, 5, '口味一般，不过包装和物流都还可以', '2026-01-06 00:47:40', 6);
INSERT INTO `evaluate` VALUES (384, 140, 81, 4, '味道很正宗，物流给力，会回购！', '2026-01-08 00:47:40', 34);
INSERT INTO `evaluate` VALUES (385, 399, 86, 3, '物流速度很快，第二天就收到了，体验很好', '2026-01-10 00:47:40', 196);
INSERT INTO `evaluate` VALUES (386, 168, 81, 2, '包装简约但结实，商品完好，口味也很赞', '2026-01-14 00:47:40', 69);
INSERT INTO `evaluate` VALUES (387, 356, 81, 2, '物流速度很快，第二天就收到了，体验很好', '2025-12-25 00:47:40', 41);
INSERT INTO `evaluate` VALUES (388, 293, 82, 5, '包装很精致，没有破损，好评！', '2026-01-05 00:47:40', 226);
INSERT INTO `evaluate` VALUES (389, 438, 86, 1, '物流速度很快，第二天就收到了，体验很好', '2025-12-18 00:47:40', 94);
INSERT INTO `evaluate` VALUES (390, 146, 86, 5, '包装很用心，物流时效高，口味超出预期', '2025-12-25 00:47:40', 80);
INSERT INTO `evaluate` VALUES (391, 256, 82, 2, '物流速度很快，第二天就收到了，体验很好', '2026-01-08 00:47:40', 45);
INSERT INTO `evaluate` VALUES (392, 357, 82, 3, '包装很精致，没有破损，好评！', '2025-12-29 00:47:40', 5);
INSERT INTO `evaluate` VALUES (393, 65, 1, 4, '包装简约但结实，商品完好，口味也很赞', '2026-01-12 00:47:40', 38);
INSERT INTO `evaluate` VALUES (394, 261, 83, 2, '口味一般，不过包装和物流都还可以', '2025-12-17 00:47:40', 62);
INSERT INTO `evaluate` VALUES (395, 449, 86, 4, '物流有点慢，但包装和口味都没让人失望', '2025-12-19 00:47:40', 216);
INSERT INTO `evaluate` VALUES (396, 358, 81, 3, '味道很正宗，物流给力，会回购！', '2026-01-03 00:47:40', 200);
INSERT INTO `evaluate` VALUES (397, 277, 76, 3, '包装简约但结实，商品完好，口味也很赞', '2025-12-18 00:47:40', 165);
INSERT INTO `evaluate` VALUES (398, 248, 86, 1, '包装很用心，物流时效高，口味超出预期', '2026-01-09 00:47:40', 44);
INSERT INTO `evaluate` VALUES (399, 334, 83, 3, '口味不错，和描述的一致，值得购买~', '2026-01-05 00:47:40', 97);
INSERT INTO `evaluate` VALUES (400, 361, 86, 3, '味道很正宗，物流给力，会回购！', '2025-12-30 00:47:40', 236);
INSERT INTO `evaluate` VALUES (401, 86, 82, 1, '味道很正宗，物流给力，会回购！', '2026-01-06 00:47:40', 36);
INSERT INTO `evaluate` VALUES (402, 107, 76, 4, '包装很精致，没有破损，好评！', '2025-12-31 00:47:40', 36);
INSERT INTO `evaluate` VALUES (403, 400, 81, 2, '包装很用心，物流时效高，口味超出预期', '2025-12-28 00:47:40', 44);
INSERT INTO `evaluate` VALUES (404, 172, 82, 3, '物流速度很快，第二天就收到了，体验很好', '2025-12-17 00:47:40', 235);
INSERT INTO `evaluate` VALUES (405, 415, 83, 5, '包装很用心，物流时效高，口味超出预期', '2026-01-10 00:47:40', 173);
INSERT INTO `evaluate` VALUES (406, 298, 83, 1, '包装很精致，没有破损，好评！', '2026-01-10 00:47:40', 244);
INSERT INTO `evaluate` VALUES (407, 407, 83, 1, '物流有点慢，但包装和口味都没让人失望', '2026-01-14 00:47:40', 225);
INSERT INTO `evaluate` VALUES (408, 190, 81, 2, '包装简约但结实，商品完好，口味也很赞', '2025-12-18 00:47:40', 224);
INSERT INTO `evaluate` VALUES (409, 393, 81, 4, '包装很精致，没有破损，好评！', '2026-01-11 00:47:40', 28);
INSERT INTO `evaluate` VALUES (410, 259, 81, 2, '口味不错，和描述的一致，值得购买~', '2026-01-12 00:47:40', 76);
INSERT INTO `evaluate` VALUES (411, 387, 81, 5, '口味一般，不过包装和物流都还可以', '2025-12-17 00:47:40', 180);
INSERT INTO `evaluate` VALUES (412, 285, 82, 3, '物流有点慢，但包装和口味都没让人失望', '2025-12-25 00:47:40', 177);
INSERT INTO `evaluate` VALUES (413, 146, 86, 1, '包装简约但结实，商品完好，口味也很赞', '2026-01-06 00:47:40', 197);
INSERT INTO `evaluate` VALUES (414, 366, 75, 4, '物流有点慢，但包装和口味都没让人失望', '2026-01-13 00:47:40', 85);
INSERT INTO `evaluate` VALUES (415, 323, 83, 2, '味道很正宗，物流给力，会回购！', '2026-01-02 00:47:40', 161);
INSERT INTO `evaluate` VALUES (416, 165, 86, 4, '物流有点慢，但包装和口味都没让人失望', '2026-01-07 00:47:40', 213);
INSERT INTO `evaluate` VALUES (417, 200, 82, 5, '包装很用心，物流时效高，口味超出预期', '2025-12-19 00:47:40', 95);
INSERT INTO `evaluate` VALUES (418, 352, 82, 1, '包装简约但结实，商品完好，口味也很赞', '2026-01-14 00:47:40', 15);
INSERT INTO `evaluate` VALUES (419, 336, 82, 1, '包装很精致，没有破损，好评！', '2025-12-29 00:47:40', 234);
INSERT INTO `evaluate` VALUES (420, 109, 83, 5, '包装简约但结实，商品完好，口味也很赞', '2025-12-27 00:47:40', 36);
INSERT INTO `evaluate` VALUES (421, 193, 86, 3, '包装很用心，物流时效高，口味超出预期', '2025-12-17 00:47:40', 230);
INSERT INTO `evaluate` VALUES (422, 213, 75, 4, '味道很正宗，物流给力，会回购！', '2025-12-30 00:47:40', 207);
INSERT INTO `evaluate` VALUES (423, 151, 82, 5, '口味不错，和描述的一致，值得购买~', '2025-12-24 00:47:40', 5);
INSERT INTO `evaluate` VALUES (424, 147, 76, 1, '包装简约但结实，商品完好，口味也很赞', '2025-12-25 00:47:40', 35);
INSERT INTO `evaluate` VALUES (425, 314, 83, 4, '包装很精致，没有破损，好评！', '2025-12-29 00:47:40', 245);
INSERT INTO `evaluate` VALUES (426, 231, 82, 5, '物流速度很快，第二天就收到了，体验很好', '2026-01-10 00:47:40', 107);
INSERT INTO `evaluate` VALUES (427, 214, 82, 4, '包装很用心，物流时效高，口味超出预期', '2026-01-07 00:47:40', 48);
INSERT INTO `evaluate` VALUES (428, 79, 75, 5, '口味一般，不过包装和物流都还可以', '2025-12-22 00:47:40', 36);
INSERT INTO `evaluate` VALUES (429, 374, 86, 3, '物流有点慢，但包装和口味都没让人失望', '2026-01-01 00:47:40', 168);
INSERT INTO `evaluate` VALUES (430, 371, 76, 1, '口味不错，和描述的一致，值得购买~', '2025-12-28 00:47:40', 221);
INSERT INTO `evaluate` VALUES (431, 99, 76, 5, '物流有点慢，但包装和口味都没让人失望', '2026-01-09 00:47:40', 224);
INSERT INTO `evaluate` VALUES (432, 289, 86, 4, '包装很精致，没有破损，好评！', '2025-12-17 00:47:40', 167);
INSERT INTO `evaluate` VALUES (433, 177, 81, 3, '包装很精致，没有破损，好评！', '2025-12-20 00:47:40', 154);
INSERT INTO `evaluate` VALUES (434, 368, 76, 5, '包装很用心，物流时效高，口味超出预期', '2026-01-12 00:47:40', 90);
INSERT INTO `evaluate` VALUES (435, 57, 103, 1, '包装简约但结实，商品完好，口味也很赞', '2025-12-17 00:47:40', 2);
INSERT INTO `evaluate` VALUES (436, 409, 83, 2, '包装很用心，物流时效高，口味超出预期', '2026-01-07 00:47:40', 105);
INSERT INTO `evaluate` VALUES (437, 336, 82, 5, '包装简约但结实，商品完好，口味也很赞', '2026-01-15 00:47:40', 133);
INSERT INTO `evaluate` VALUES (438, 221, 83, 4, '味道很正宗，物流给力，会回购！', '2025-12-23 00:47:40', 55);
INSERT INTO `evaluate` VALUES (439, 373, 82, 2, '口味不错，和描述的一致，值得购买~', '2026-01-08 00:47:40', 165);
INSERT INTO `evaluate` VALUES (440, 164, 81, 4, '口味一般，不过包装和物流都还可以', '2026-01-14 00:47:40', 193);
INSERT INTO `evaluate` VALUES (441, 300, 83, 2, '口味不错，和描述的一致，值得购买~', '2025-12-25 00:47:40', 226);
INSERT INTO `evaluate` VALUES (442, 41, 98, 5, '包装很精致，没有破损，好评！', '2026-01-13 00:47:40', 7);
INSERT INTO `evaluate` VALUES (443, 277, 81, 1, '口味不错，和描述的一致，值得购买~', '2025-12-22 00:47:40', 99);
INSERT INTO `evaluate` VALUES (444, 268, 75, 3, '包装简约但结实，商品完好，口味也很赞', '2026-01-04 00:47:40', 148);
INSERT INTO `evaluate` VALUES (445, 286, 75, 3, '口味不错，和描述的一致，值得购买~', '2025-12-30 00:47:40', 59);
INSERT INTO `evaluate` VALUES (446, 85, 76, 1, '口味一般，不过包装和物流都还可以', '2026-01-14 00:47:40', 36);
INSERT INTO `evaluate` VALUES (447, 164, 81, 2, '口味一般，不过包装和物流都还可以', '2026-01-15 00:47:40', 67);
INSERT INTO `evaluate` VALUES (448, 422, 76, 4, '味道很正宗，物流给力，会回购！', '2025-12-25 00:47:40', 82);
INSERT INTO `evaluate` VALUES (449, 177, 86, 3, '包装很用心，物流时效高，口味超出预期', '2025-12-19 00:47:40', 229);
INSERT INTO `evaluate` VALUES (450, 356, 86, 3, '口味不错，和描述的一致，值得购买~', '2026-01-02 00:47:40', 244);
INSERT INTO `evaluate` VALUES (451, 97, 81, 5, '物流有点慢，但包装和口味都没让人失望', '2025-12-29 00:47:40', 202);
INSERT INTO `evaluate` VALUES (452, 278, 76, 1, '包装很精致，没有破损，好评！', '2025-12-20 00:47:40', 188);
INSERT INTO `evaluate` VALUES (453, 402, 83, 2, '味道很正宗，物流给力，会回购！', '2025-12-21 00:47:40', 131);
INSERT INTO `evaluate` VALUES (454, 391, 86, 5, '物流有点慢，但包装和口味都没让人失望', '2025-12-27 00:47:40', 34);
INSERT INTO `evaluate` VALUES (455, 110, 81, 4, '口味不错，和描述的一致，值得购买~', '2026-01-11 00:47:40', 36);
INSERT INTO `evaluate` VALUES (456, 199, 86, 4, '味道很正宗，物流给力，会回购！', '2026-01-14 00:47:40', 238);
INSERT INTO `evaluate` VALUES (457, 55, 101, 4, '口味不错，和描述的一致，值得购买~', '2026-01-05 00:47:40', 43);
INSERT INTO `evaluate` VALUES (458, 325, 82, 4, '包装很用心，物流时效高，口味超出预期', '2026-01-08 00:47:40', 79);
INSERT INTO `evaluate` VALUES (459, 79, 86, 1, '口味不错，和描述的一致，值得购买~', '2025-12-23 00:47:40', 36);
INSERT INTO `evaluate` VALUES (460, 115, 86, 4, '味道很正宗，物流给力，会回购！', '2025-12-26 00:47:40', 222);
INSERT INTO `evaluate` VALUES (461, 300, 82, 3, '物流速度很快，第二天就收到了，体验很好', '2026-01-01 00:47:40', 107);
INSERT INTO `evaluate` VALUES (462, 98, 81, 3, '物流有点慢，但包装和口味都没让人失望', '2025-12-18 00:47:40', 147);
INSERT INTO `evaluate` VALUES (463, 41, 98, 4, '包装很精致，没有破损，好评！', '2025-12-20 00:47:40', 7);
INSERT INTO `evaluate` VALUES (464, 438, 82, 5, '包装很用心，物流时效高，口味超出预期', '2025-12-26 00:47:40', 156);
INSERT INTO `evaluate` VALUES (465, 58, 103, 5, '味道很正宗，物流给力，会回购！', '2025-12-19 00:47:40', 2);
INSERT INTO `evaluate` VALUES (466, 406, 76, 5, '包装很用心，物流时效高，口味超出预期', '2025-12-18 00:47:40', 202);
INSERT INTO `evaluate` VALUES (467, 186, 83, 4, '包装很用心，物流时效高，口味超出预期', '2025-12-29 00:47:40', 209);
INSERT INTO `evaluate` VALUES (468, 341, 82, 1, '味道很正宗，物流给力，会回购！', '2026-01-02 00:47:40', 183);
INSERT INTO `evaluate` VALUES (469, 254, 75, 5, '物流速度很快，第二天就收到了，体验很好', '2025-12-23 00:47:40', 234);
INSERT INTO `evaluate` VALUES (470, 314, 81, 3, '物流有点慢，但包装和口味都没让人失望', '2025-12-26 00:47:40', 148);
INSERT INTO `evaluate` VALUES (471, 63, 1, 2, '口味不错，和描述的一致，值得购买~', '2025-12-30 00:47:40', 38);
INSERT INTO `evaluate` VALUES (472, 440, 83, 4, '味道很正宗，物流给力，会回购！', '2025-12-25 00:47:40', 162);
INSERT INTO `evaluate` VALUES (473, 423, 76, 5, '包装很用心，物流时效高，口味超出预期', '2025-12-18 00:47:40', 47);
INSERT INTO `evaluate` VALUES (474, 191, 75, 5, '物流速度很快，第二天就收到了，体验很好', '2025-12-20 00:47:40', 64);
INSERT INTO `evaluate` VALUES (475, 2, 97, 4, '包装很用心，物流时效高，口味超出预期', '2026-01-06 00:47:40', 4);
INSERT INTO `evaluate` VALUES (476, 242, 81, 3, '包装很精致，没有破损，好评！', '2025-12-17 00:47:40', 151);
INSERT INTO `evaluate` VALUES (590, 1, 97, 4, '完美', '2026-01-15 01:53:56', 4);
INSERT INTO `evaluate` VALUES (593, 37, 99, 4, '好吃', '2026-01-15 02:08:21', 66);
INSERT INTO `evaluate` VALUES (594, 37, 98, 5, '好好好好好', '2026-01-15 02:33:37', 7);
INSERT INTO `evaluate` VALUES (595, 37, 101, 4, '好吃的很', '2026-01-15 16:18:24', 43);
INSERT INTO `evaluate` VALUES (596, 37, 103, 4, '好好好好好好', '2026-01-15 16:32:53', 2);
INSERT INTO `evaluate` VALUES (597, 37, 100, 4, '物流超级快', '2026-01-15 16:40:36', 24);
INSERT INTO `evaluate` VALUES (598, 37, 108, 4, '超级好吃', '2026-01-15 17:51:39', 65);
INSERT INTO `evaluate` VALUES (599, 37, 107, 5, '完美的很', '2026-01-15 18:19:31', 35);
INSERT INTO `evaluate` VALUES (600, 37, 112, 4, '超超超超好吃', '2026-01-16 08:49:03', 29);

-- ----------------------------
-- Table structure for goods
-- ----------------------------
DROP TABLE IF EXISTS `goods`;
CREATE TABLE `goods`  (
  `id` int NOT NULL AUTO_INCREMENT,
  `name` varchar(45) CHARACTER SET utf8mb3 COLLATE utf8mb3_general_ci NULL DEFAULT NULL,
  `cover` varchar(45) CHARACTER SET utf8mb3 COLLATE utf8mb3_general_ci NULL DEFAULT NULL,
  `image1` varchar(45) CHARACTER SET utf8mb3 COLLATE utf8mb3_general_ci NULL DEFAULT NULL,
  `image2` varchar(45) CHARACTER SET utf8mb3 COLLATE utf8mb3_general_ci NULL DEFAULT NULL,
  `price` float NULL DEFAULT NULL,
  `intro` varchar(1000) CHARACTER SET utf8mb3 COLLATE utf8mb3_general_ci NULL DEFAULT NULL,
  `stock` int NULL DEFAULT NULL,
  `type_id` int NULL DEFAULT NULL,
  PRIMARY KEY (`id`) USING BTREE,
  INDEX `fk_type_id_idx`(`type_id` ASC) USING BTREE,
  CONSTRAINT `fk_type_id` FOREIGN KEY (`type_id`) REFERENCES `type` (`id`) ON DELETE RESTRICT ON UPDATE RESTRICT
) ENGINE = InnoDB AUTO_INCREMENT = 247 CHARACTER SET = utf8mb3 COLLATE = utf8mb3_general_ci ROW_FORMAT = Dynamic;

-- ----------------------------
-- Records of goods
-- ----------------------------
INSERT INTO `goods` VALUES (1, '童趣零食礼盒', '/picture/68-1.jpg', '/picture/68-2.jpg', '/picture/68-3.jpg', 128.9, '童趣零食礼盒外包装为卡通萌趣设计，印有经典动画形象，视觉上吸引儿童，礼盒内包含动物饼干、星星软糖、鳕鱼肠、溶豆、磨牙棒等12款儿童零食，独立小包装。开启时发出礼盒丝带的轻响，听觉上活泼，嗅觉上混合着奶香、果香等清新香气，无刺鼻味。触感零食或酥松或软糯，专为儿童设计口感，入口根据品类不同，或清甜或咸香，味觉上甜度均≤三星（满五星），无添加人工色素与香精。所有零食均符合儿童食品标准，保质期6-18个月不等，是节日礼盒中适合馈赠有娃家庭的童趣款。', 10, 8);
INSERT INTO `goods` VALUES (2, '草莓味磨牙棒', '/picture/35-1.jpg', '/picture/35-2.jpg', '/picture/35-3.jpg', 18.9, '草莓味磨牙棒呈长条状，视觉上淡粉色（天然草莓粉调色），表面有细密的纹理，适合儿童抓握磨牙。咬嚼时发出轻微的“咯吱”声，听觉上温和，嗅觉上淡淡的草莓果香混合着小麦的清香，清新不腻。触感坚硬但不硌牙，专为出牙期宝宝设计，能缓解牙龈不适，入口先是草莓的清甜，随即小麦的醇香散开，味觉上甜度极低（一星，满五星），无添加香精色素。主要原料：小麦粉、草莓粉、奶粉、橄榄油，保质期12个月，独立包装，干净卫生，是儿童零食中针对性的磨牙款。', 10, 3);
INSERT INTO `goods` VALUES (3, '咖啡伴侣礼盒', '/picture/71-1.jpg', '/picture/71-2.jpg', '/picture/71-3.jpg', 178.9, '咖啡伴侣礼盒外包装为简约轻奢设计，视觉上高级感十足，礼盒内包含各类口味曲奇、焦糖饼干、坚果仁、巧克力等8款搭配咖啡的零食，独立小包装。开启时发出礼盒盖的轻响，听觉上温和，嗅觉上混合着咖啡香（附赠挂耳咖啡）、奶香、焦糖香等，浓郁不腻。触感零食或酥松或绵密，入口根据品类不同，或甜香或咸香，味觉上甜度覆盖二星至四星（满五星），与咖啡搭配口感互补。所有零食均采用低温工艺制作，保质期9-12个月不等，是节日礼盒中适合咖啡爱好者的轻奢款。', 10, 8);
INSERT INTO `goods` VALUES (4, '香蕉味泡芙球', '/picture/36-1.jpg', '/picture/36-2.jpg', '/picture/36-3.jpg', 22.9, '香蕉味泡芙球呈淡黄色的中空球状，视觉上小巧可爱，表面有细密的气孔，适合儿童抓食。咬开时发出“嘭”的轻响，听觉上解压有趣，嗅觉上浓郁的香蕉果香混合着奶香，清新自然。触感空心酥脆，入口即化，先是香蕉的清甜在舌尖散开，随即奶香回味，味觉上甜度适中（二星，满五星），无添加人工香精。主要原料：香蕉泥、奶粉、小麦粉、植物油，保质期8个月，非油炸工艺，是儿童零食中口感轻盈的趣味款。', 10, 3);
INSERT INTO `goods` VALUES (5, '精选羊肚菌脆片', '/picture/85-1.jpg', '/picture/85-2.jpg', '/picture/85-3.jpg', 218.9, '精选羊肚菌脆片采用云南特级羊肚菌制作，呈深褐色，视觉上菌纹清晰，完整无碎。咬下时发出“咔嚓”的脆响，听觉上清脆利落，嗅觉上羊肚菌的独特清香混合着淡淡的海盐香，清新自然。触感酥脆易嚼，入口先是羊肚菌的清鲜，随即海盐的咸香提味，味觉上咸淡适中（一星，满五星），无添加人工调味，冻干工艺保留羊肚菌营养。主要原料：云南特级羊肚菌、食用海盐，冻干工艺，保质期10个月，独立包装，是高端零食中兼具营养与口感的特色款。', 10, 11);
INSERT INTO `goods` VALUES (6, '蓝莓味果泥', '/picture/37-1.jpg', '/picture/37-2.jpg', '/picture/37-3.jpg', 21.9, '蓝莓味果泥呈深紫色的泥状，视觉上质地细腻无颗粒，包装为便携吸嘴袋，方便儿童食用。挤压时触感顺滑，听觉上无明显声响，嗅觉上浓郁的蓝莓果香，清新不刺鼻，无香精味。入口绵密顺滑，无需咀嚼，先是蓝莓的酸甜在舌尖散开，随即水果的自然清甜回味，味觉上无添加蔗糖（一星，满五星），仅靠蓝莓自然提甜。主要原料：蓝莓果肉（≥90%）、苹果泥、维生素C，保质期12个月，无防腐剂，是儿童零食中补充花青素的营养款。', 10, 3);
INSERT INTO `goods` VALUES (7, '五香开口松子', '/picture/46-1.jpg', '/picture/46-2.jpg', '/picture/46-3.jpg', 69.9, '五香开口松子外壳呈棕红色，开口均匀，视觉上颗粒饱满修长，果仁呈淡黄色。剥开外壳时发出轻微的“咯吱”声，听觉上解压，嗅觉上浓郁的五香料香混合着松子的坚果香，咸香入味。触感果仁酥脆有嚼劲，入口先是五香的咸香，随即松子的清甜散开，味觉上咸淡适中（二星，满五星），五香味浓郁且不掩盖松子本身的香气，越嚼越有回甘。主要原料：松子、五香粉、食用盐，低温烘焙，保质期8个月，无添加香精，是坚果系列中咸香风味的特色款。', 10, 4);
INSERT INTO `goods` VALUES (8, '孜然味烤鱿鱼板', '/picture/61-1.jpg', '/picture/61-2.jpg', '/picture/61-3.jpg', 47.9, '孜然味烤鱿鱼板呈深棕色，表面有孜然颗粒的均匀分布，视觉上板状完整，厚度均匀。咬下时发出轻微的“咯吱”声，听觉上有嚼劲，嗅觉上孜然的辛香混合着鱿鱼的鲜香，独特诱人。触感柔韧有嚼劲，入口先是鱿鱼的鲜甜，随即孜然的咸香在舌尖散开，味觉上咸淡适中（二星，满五星），孜然味浓郁且不掩盖鱿鱼的鲜味。主要原料：鱿鱼板、孜然粉、食用盐、白砂糖，碳烤工艺，保质期9个月，是海鲜零食中孜然风味的特色款。', 10, 5);
INSERT INTO `goods` VALUES (9, '芝士咸味饼干', '/picture/1768183025317.jpg', '/picture/1768183025334.jpg', '/picture/1768183025348.jpg', 19.9, '芝士咸味饼干呈淡黄色，表面有芝士粉的均匀附着，视觉上质感十足。轻咬时发出清脆的脆响，嗅觉上浓郁的芝士咸香混合着黄油香气，诱人食欲。触感酥脆不粘牙，入口先是芝士的咸香醇厚，随即黄油的绵密感在舌尖散开，味觉上咸度适中，还带着芝士特有的微酸回甘，层次丰富。主要原料：芝士粉、黄油、小麦粉、食用盐，甜度：一星（满五星），保质期10个月，芝士含量≥15%，是饼干系列中咸味芝士控的必选款。', 10, 1);
INSERT INTO `goods` VALUES (10, '番茄味薯片脆', '/picture/1768183053016.jpg', '/picture/1768183053030.jpg', '/picture/1768183053075.jpg', 7.9, '番茄味薯片脆呈薄透的橙红色，表面裹满番茄粉，视觉上色彩鲜亮。咬下时发出清脆的“啪”声，听觉上解压十足，嗅觉上浓郁的番茄酸甜果香混合着土豆香，清新不腻。触感薄脆易嚼，入口即化，先是番茄的酸甜在舌尖迸发，随即土豆的醇香回味，味觉上酸甜平衡，番茄味浓郁且不齁甜。主要原料：马铃薯片、番茄粉、白砂糖、食用盐，保质期10个月，薄切烘烤工艺，低脂低油，是膨化系列中经典的番茄风味款。', 11, 2);
INSERT INTO `goods` VALUES (11, '原味鲜虾片', '/picture/1768183083877.jpg', '/picture/1768183083891.jpg', '/picture/11-3.jpg', 23.9, '原味鲜虾片呈薄透的淡粉色，视觉上轻盈通透，能看到细微的虾粉颗粒。咬下时发出清脆的“啪”声，听觉上解压有趣，嗅觉上浓郁的鲜虾鲜香，清新无腥味。触感薄脆易嚼，入口即化，先是鲜虾的鲜甜在舌尖散开，随即淡淡的盐味提味，味觉上咸淡适中（一星，满五星），无添加人工香精。主要原料：虾粉（≥40%）、小麦粉、食用盐、植物油，保质期9个月，非油炸烘烤，是儿童零食中补充优质蛋白的休闲款。', 10, 3);
INSERT INTO `goods` VALUES (12, '柠檬味烤鱼片', '/picture/1768183098288.jpg', '/picture/12-2.jpg', '/picture/12-3.jpg', 44.9, '柠檬味烤鱼片呈淡黄色，视觉上质地轻薄，纹理清晰。咬下时发出轻微的“嘶啦”声，听觉上有嚼劲，嗅觉上柠檬的清香混合着鱼肉的鲜香，清新不腻。触感柔韧有嚼劲，入口先是柠檬的酸甜，随即鱼肉的鲜甜散开，味觉上酸甜平衡（二星，满五星），柠檬味掩盖了鱼肉的腥味，口感更清新。主要原料：马面鱼、柠檬汁、食用盐、白砂糖，低温烘烤，保质期10个月，是海鲜零食中清新风味的休闲款。', 10, 5);
INSERT INTO `goods` VALUES (13, '抹茶红豆夹心饼干', '/picture/1768183115678.jpg', '/picture/13-2.jpg', '/picture/13-3.jpg', 16.9, '抹茶红豆夹心饼干外层是淡绿色的抹茶饼干体，中间夹着暗红色的红豆沙夹心，视觉上配色清新雅致。掰开时能听到饼干体轻微的脆响，夹心则软糯拉丝，嗅觉上宇治抹茶的清苦香气混合着红豆的甜香，淡雅宜人。触感外层酥脆，夹心绵密，入口先是抹茶的清苦，随即红豆夹心的香甜中和苦味，味觉上甜苦平衡，还带着抹茶特有的茶韵回甘。主要原料：宇治抹茶粉、红豆沙、小麦粉、黄油，甜度：三星（满五星），保质期9个月，无人工色素，是饼干系列中兼具日式风味的特色款。', 10, 1);
INSERT INTO `goods` VALUES (14, '海盐焦糖饼干', '/picture/1768183141942.jpg', '/picture/14-2.jpg', '/picture/14-3.jpg', 14.9, '海盐焦糖饼干呈焦糖色，表面有细密的盐粒点缀，视觉上光泽诱人。轻咬时发出清脆的“咔嚓”声，嗅觉上浓郁的焦糖香气混合着淡淡的海盐气息，甜咸交织。触感酥脆易断，入口先是焦糖的焦香甜味，随即海盐的咸香在舌尖散开，中和甜腻，味觉上回味有淡淡的黄油香，层次丰富。主要原料：焦糖酱、食用海盐、小麦粉、黄油，甜度：四星（满五星），保质期10个月，采用低温烘烤工艺，是饼干系列中甜咸风味的热门款。', 10, 1);
INSERT INTO `goods` VALUES (15, '花生酱夹心饼干', '/picture/15-1.jpg', '/picture/15-2.jpg', '/picture/15-3.jpg', 13.9, '花生酱夹心饼干外层是金黄色的酥性饼干，中间夹着醇厚的花生酱夹心，视觉上饱满厚实。掰开时能听到饼干的脆响，同时花生酱夹心会微微拉丝，嗅觉上浓郁的花生烘烤香气扑面而来，醇厚不腻。触感外层酥脆，夹心绵密，入口先是饼干的酥松，随即花生酱的咸香与微甜在口腔中散开，味觉上花生味浓郁，还带着一丝烘烤的焦香。主要原料：花生酱、小麦粉、黄油、白砂糖，甜度：三星（满五星），保质期9个月，花生酱含量≥30%，是饼干系列中经典的咸甜夹心款。', 10, 1);
INSERT INTO `goods` VALUES (16, '椰香薄脆饼干', '/picture/16-1.jpg', '/picture/16-2.jpg', '/picture/16-3.jpg', 11.9, '椰香薄脆饼干呈薄透的奶白色，能看到细密的椰蓉颗粒，视觉上轻盈通透。咬下时发出清脆的“咔嚓”声，嗅觉上浓郁的椰香混合着小麦的清香，清新自然。触感薄脆易嚼，入口即化，先是椰蓉的香甜在舌尖散开，随即小麦的醇香回味，味觉上甜而不腻，椰香浓郁且持久。主要原料：椰蓉、小麦粉、黄油、椰奶，甜度：二星（满五星），保质期11个月，采用薄切烘烤工艺，是饼干系列中口感轻盈的休闲款。', 10, 1);
INSERT INTO `goods` VALUES (17, '紫薯燕麦饼干', '/picture/17-1.jpg', '/picture/17-2.jpg', '/picture/17-3.jpg', 17.9, '紫薯燕麦饼干呈淡紫色，嵌有燕麦片的颗粒，视觉上健康自然。掰开时能听到燕麦片与饼干体碰撞的轻微声响，嗅觉上紫薯的香甜混合着燕麦的谷物香气，清淡不腻。触感酥松中带着燕麦的嚼劲，入口先是紫薯的清甜，随即燕麦的谷物香在口腔中散开，味觉上低糖低脂，口感丰富，还带着一丝谷物的回甘。主要原料：紫薯泥、燕麦片、小麦粉、橄榄油，甜度：一星（满五星），保质期8个月，无添加蔗糖，是饼干系列中健康代餐的优选款。', 10, 1);
INSERT INTO `goods` VALUES (19, '红豆薏米饼干', '/picture/19-1.jpg', '/picture/19-2.jpg', '/picture/19-3.jpg', 15.9, '红豆薏米饼干呈浅棕色，能看到红豆与薏米的颗粒，视觉上健康质朴。掰开时发出轻微的酥响，嗅觉上红豆的香甜混合着薏米的谷物清香，淡雅宜人。触感酥松易嚼，入口先是谷物的醇香，随即红豆的清甜散开，味觉上低糖清淡，还带着薏米的微甘，饱腹感强。主要原料：红豆粉、薏米粉、小麦粉、植物油，甜度：一星（满五星），保质期9个月，无添加防腐剂，是饼干系列中主打健康养生的特色款。', 10, 1);
INSERT INTO `goods` VALUES (20, '原味空心薯笛', '/picture/20-1.jpg', '/picture/20-2.jpg', '/picture/20-3.jpg', 8.9, '原味空心薯笛呈金黄的中空管状，表面有细密的纹理，视觉上酥脆诱人。咬下时发出“咔嚓”的清脆声响，听觉上极具解压感，嗅觉上浓郁的土豆原香扑面而来，清新自然。触感空心酥脆，轻捏即碎，入口先是土豆的醇香，随即淡淡的盐味提味，味觉上咸淡适中，薯香浓郁且不油腻，越嚼越有谷物的回甘。主要原料：马铃薯粉、玉米淀粉、食用盐、棕榈油，保质期9个月，采用非油炸膨化工艺，低脂轻卡，是膨化系列中经典的原味休闲款，适合全家共享。', 10, 2);
INSERT INTO `goods` VALUES (21, '烧烤味玉米浪', '/picture/21-1.jpg', '/picture/21-2.jpg', '/picture/21-3.jpg', 9.9, '烧烤味玉米浪呈波浪形的金黄色，表面均匀附着烧烤调味料，视觉上色泽诱人。咬开时发出“咔嚓”的脆响，听觉上清脆悦耳，嗅觉上浓郁的烧烤香料香混合着玉米的清甜，层次丰富。触感波浪形的酥脆质感，入口先是玉米的香甜，随即烧烤料的咸香与微辣在舌尖散开，味觉上咸甜辣平衡，还带着一丝烟熏的香气，回味悠长。主要原料：玉米粉、烧烤调味料、植物油、白砂糖，保质期8个月，非油炸工艺，是膨化系列中风味浓郁的热门款。', 10, 2);
INSERT INTO `goods` VALUES (22, '黑巧克力榛子饼干', '/picture/22-1.jpg', '/picture/22-2.jpg', '/picture/22-3.jpg', 15.9, '黑巧克力榛子饼干通体呈深棕色调，嵌有饱满的榛子碎，视觉上极具质感。轻咬时能听到巧克力脆皮与饼干酥层碰撞的脆响，嗅觉上立刻捕捉到微苦的黑巧克力香与烘烤榛子的坚果香气，层次丰富。触感酥脆中带着榛子的微硬颗粒感，入口先是黑巧克力的微苦醇厚，随即榛子的香脆与饼干的酥松融合，甜苦平衡，味觉上回味悠长。主要原料：可可含量70%的黑巧克力、榛子仁、低筋面粉、黄油，甜度：二星（满五星），保质期10个月，不含反式脂肪酸，是饼干系列中兼具巧克力风味与坚果口感的特色款。', 10, 1);
INSERT INTO `goods` VALUES (23, '海苔味米饼', '/picture/23-1.jpg', '/picture/23-2.jpg', '/picture/23-3.jpg', 10.9, '海苔味米饼呈米白色，表面有海苔碎的均匀分布，视觉上清新素雅。掰开时发出“咔嚓”的脆响，听觉上清脆利落，嗅觉上海苔的鲜咸香气混合着大米的清香，淡雅宜人。触感酥脆中带着大米的蓬松感，入口先是大米的醇香，随即海苔的鲜咸散开，味觉上咸淡适中，还带着一丝米香的回甘，口感轻盈不腻。主要原料：大米粉、海苔碎、食用盐、植物油，保质期12个月，非油炸膨化，是膨化系列中适合儿童的清淡款。', 10, 2);
INSERT INTO `goods` VALUES (24, '香辣味虾条', '/picture/24-1.jpg', '/picture/24-2.jpg', '/picture/24-3.jpg', 11.9, '香辣味虾条呈橙红色的长条状，表面裹满香辣调味料，视觉上色泽诱人。咬下时发出“咔嚓”的脆响，听觉上极具满足感，嗅觉上浓郁的虾香混合着辣椒的辛香，香气扑鼻。触感酥脆不粘牙，入口先是鲜虾的鲜甜，随即香辣味在舌尖散开，味觉上辣度适中，咸香入味，虾味浓郁且持久。主要原料：虾粉、小麦粉、辣椒面、植物油，保质期8个月，虾粉含量≥15%，是膨化系列中重口味爱好者的优选款。', 10, 2);
INSERT INTO `goods` VALUES (25, '芝士味空心脆', '/picture/25-1.jpg', '/picture/25-2.jpg', '/picture/25-3.jpg', 13.9, '芝士味空心脆呈淡黄色的中空球状，表面有芝士粉的附着，视觉上呆萌可爱。咬开时发出“嘭”的轻响，听觉上解压有趣，嗅觉上浓郁的芝士咸香混合着奶香，醇厚诱人。触感空心酥脆，入口即碎，先是芝士的咸香在口腔中散开，随即奶香回味，味觉上咸甜平衡，芝士味浓郁且不腻。主要原料：芝士粉、小麦粉、黄油、食用盐，保质期9个月，非油炸工艺，是膨化系列中芝士控的必选款。', 10, 2);
INSERT INTO `goods` VALUES (26, '芥末味青豆脆', '/picture/26-1.jpg', '/picture/26-2.jpg', '/picture/26-3.jpg', 12.9, '芥末味青豆脆呈翠绿色，包裹着淡淡的芥末调味粉，视觉上清新亮眼。咬下时发出“咔嚓”的脆响，听觉上清脆利落，嗅觉上芥末的微辛香气混合着青豆的清香，层次独特。触感酥脆中带着青豆的颗粒感，入口先是青豆的清甜，随即芥末的微辛在舌尖散开，味觉上辛而不辣，咸香入味，越嚼越有青豆的回甘。主要原料：青豆、芥末粉、食用盐、植物油，保质期10个月，低温膨化工艺，是膨化系列中风味独特的小众款。', 10, 2);
INSERT INTO `goods` VALUES (27, '蜂蜜黄油味薯条', '/picture/27-1.jpg', '/picture/27-2.jpg', '/picture/27-3.jpg', 14.9, '蜂蜜黄油味薯条呈金黄的长条状，表面裹满蜂蜜黄油酱，视觉上光泽诱人。咬下时发出“咔嚓”的脆响，听觉上满足感十足，嗅觉上浓郁的黄油香混合着蜂蜜的甜香，甜而不腻。触感酥脆中带着微微的绵密感，入口先是黄油的醇厚，随即蜂蜜的清甜散开，味觉上甜咸平衡，黄油味浓郁且回味有奶香。主要原料：马铃薯条、黄油、蜂蜜、食用盐，保质期8个月，非油炸烘烤，是膨化系列中甜咸风味的热门款。', 10, 2);
INSERT INTO `goods` VALUES (28, '藤椒味洋芋片', '/picture/28-1.jpg', '/picture/28-2.jpg', '/picture/28-3.jpg', 10.9, '藤椒味洋芋片呈薄透的淡黄色，表面有藤椒粉的均匀附着，视觉上清爽质朴。咬下时发出“啪”的清脆声响，听觉上解压有趣，嗅觉上藤椒的麻香混合着土豆的清香，独特诱人。触感薄脆易嚼，入口先是土豆的醇香，随即藤椒的麻香在舌尖散开，味觉上麻而不苦，咸香入味，还带着一丝藤椒的清鲜。主要原料：马铃薯片、藤椒粉、食用盐、植物油，保质期9个月，薄切工艺，是膨化系列中川味特色的休闲款。', 10, 2);
INSERT INTO `goods` VALUES (29, '肉松味米卷', '/picture/29-1.jpg', '/picture/29-2.jpg', '/picture/29-3.jpg', 15.9, '肉松味米卷呈米白色的卷状，表面裹满肉松碎，视觉上饱满诱人。咬开时发出“咔嚓”的脆响，听觉上清脆利落，嗅觉上肉松的咸香混合着大米的清香，浓郁不腻。触感外层酥脆，内芯蓬松，入口先是肉松的咸香，随即大米的醇香散开，味觉上咸甜适中，肉松味浓郁且有嚼劲。主要原料：大米粉、肉松、白砂糖、食用盐，保质期12个月，非油炸膨化，是膨化系列中饱腹感强的代餐款。', 10, 2);
INSERT INTO `goods` VALUES (30, '海盐味豌豆脆', '/picture/30-1.jpg', '/picture/30-2.jpg', '/picture/30-3.jpg', 11.9, '海盐味豌豆脆呈淡绿色，表面有细密的海盐颗粒，视觉上清新自然。咬下时发出“咔嚓”的脆响，听觉上解压十足，嗅觉上豌豆的清香混合着海盐的咸香，清淡不腻。触感酥脆易嚼，入口先是豌豆的清甜，随即海盐的咸香提味，味觉上咸淡适中，豌豆味浓郁且回甘持久。主要原料：豌豆粉、食用海盐、植物油、玉米淀粉，保质期10个月，非油炸工艺，是膨化系列中健康轻卡的休闲款。', 10, 2);
INSERT INTO `goods` VALUES (31, '香葱咸味苏打饼干', '/picture/31-1.jpg', '/picture/31-2.jpg', '/picture/31-3.jpg', 9.8, '香葱咸味苏打饼干呈奶白色基底，点缀着翠绿的香葱碎，视觉上清新自然。掰开时发出“啪”的清脆声响，嗅觉上浓郁的香葱香气混合着小麦的清香扑面而来，咸香不刺鼻。触感干爽不粘手，酥松易嚼，入口先是淡淡的小麦香，紧接着香葱的鲜咸在舌尖散开，口感清爽不腻，味觉上咸度适中，还带着苏打饼干特有的微碱性回甘。主要原料：小麦粉、香葱、食用纯碱、食用盐，甜度：一星（满五星），保质期9个月，无额外添加蔗糖，适合控糖人群，是饼干系列中经典的咸味休闲款。', 10, 1);
INSERT INTO `goods` VALUES (32, '水果味星星软糖', '/picture/32-1.jpg', '/picture/32-2.jpg', '/picture/32-3.jpg', 19.9, '水果味星星软糖呈五彩的星星造型，视觉上色彩鲜艳（采用天然果蔬色素），颗颗饱满晶莹，萌趣十足。捏动时触感Q弹软糯，无硬芯，听觉上无明显声响，嗅觉上浓郁的草莓、橙子、葡萄等混合水果果香，清新不刺鼻。入口软糯有嚼劲，不粘牙，先是草莓的酸甜在舌尖散开，随即橙子的清香、葡萄的清甜依次迸发，味觉上甜度适中（二星，满五星），无添加人工香精与防腐剂。主要原料：麦芽糖浆、天然果蔬汁、明胶、维生素C，保质期18个月，每颗独立包装，干净卫生，是儿童零食中补充维生素的趣味款。', 10, 3);
INSERT INTO `goods` VALUES (33, '奶香动物造型饼干', '/picture/33-1.jpg', '/picture/33-2.jpg', '/picture/33-3.jpg', 16.9, '这款奶香动物造型饼干采用可爱的小熊、小兔、小猫等动物模具制作，视觉上色彩柔和（无人工色素），造型萌趣十足，能瞬间吸引儿童注意力。掰开时发出轻微的“咔嚓”声，听觉上温和不刺耳，嗅觉上浓郁的奶香混合着小麦的清香，清新自然无异味。触感酥松易嚼，专为儿童咀嚼能力设计，不粘牙且不易噎食，入口先是奶香的绵密，随即小麦的醇香在舌尖散开，味觉上甜度极低（一星，满五星），无添加蔗糖，仅靠奶粉自然提甜，安全健康。主要原料：高筋小麦粉、全脂奶粉、鸡蛋、橄榄油，保质期12个月，独立小包装方便携带，是儿童零食中兼具趣味性与安全性的经典款。', 10, 3);
INSERT INTO `goods` VALUES (34, '原味溶豆（酸奶味）', '/picture/34-1.jpg', '/picture/34-2.jpg', '/picture/34-3.jpg', 29.9, '酸奶味溶豆呈迷你的小颗粒状，视觉上奶白色，蓬松轻盈，造型小巧适合儿童抓握。轻捏即碎，触感绵软，听觉上无明显声响，嗅觉上浓郁的酸奶奶香，清新自然。入口即溶，无需咀嚼，先是酸奶的酸甜在舌尖化开，随即奶香回味，味觉上甜度极低（一星，满五星），无添加蔗糖，仅靠酸奶自然提味。主要原料：酸奶、奶粉、玉米淀粉、益生菌，保质期6个月，冻干工艺锁鲜，是儿童零食中适合低龄宝宝的辅食款。', 10, 3);
INSERT INTO `goods` VALUES (35, '香辣鳗鱼丝', '/picture/54-1.jpg', '/picture/54-2.jpg', '/picture/54-3.jpg', 52.9, '香辣鳗鱼丝呈红棕色，表面裹满香辣调味料，视觉上油亮诱人，丝条均匀。咬下时发出轻微的“咯吱”声，听觉上有嚼劲，嗅觉上浓郁的鳗鱼鲜香混合着辣椒的辛香，香气扑鼻。触感柔韧有嚼劲，入口先是鳗鱼的鲜甜，随即香辣味在舌尖散开，味觉上辣度适中（四星，满五星），咸香入味，鳗鱼的鲜味与辣椒的辛香融合恰到好处。主要原料：鳗鱼、辣椒面、花椒粉、食用盐，低温烘烤，保质期8个月，是海鲜零食中重口味的特色款。', 10, 5);
INSERT INTO `goods` VALUES (36, '地方特产礼盒', '/picture/72-1.jpg', '/picture/72-2.jpg', '/picture/72-3.jpg', 228.9, '地方特产礼盒外包装为地域特色设计，印有当地地标图案，视觉上极具特色，礼盒内包含本地糕点、酱菜、坚果、肉食等10款地方特产，独立包装。开启时发出礼盒丝带的轻响，听觉上有仪式感，嗅觉上混合着各类特产的独特香气，浓郁诱人。触感特产或软糯或酥脆，入口根据品类不同，或咸香或香甜，味觉上贴合当地风味，咸淡适中，风味正宗。所有特产均采用传统工艺制作，保质期6-12个月不等，是节日礼盒中极具地域特色的馈赠款。', 10, 8);
INSERT INTO `goods` VALUES (37, '奶香动物造型饼干', '/picture/33-1.jpg', '/picture/33-2.jpg', '/picture/33-3.jpg', 16.9, '这款奶香动物造型饼干采用可爱的小熊、小兔、小猫等动物模具制作，视觉上色彩柔和（无人工色素），造型萌趣十足，能瞬间吸引儿童注意力。掰开时发出轻微的“咔嚓”声，听觉上温和不刺耳，嗅觉上浓郁的奶香混合着小麦的清香，清新自然无异味。触感酥松易嚼，专为儿童咀嚼能力设计，不粘牙且不易噎食，入口先是奶香的绵密，随即小麦的醇香在舌尖散开，味觉上甜度极低（一星，满五星），无添加蔗糖，仅靠奶粉自然提甜，安全健康。主要原料：高筋小麦粉、全脂奶粉、鸡蛋、橄榄油，保质期12个月，独立小包装方便携带，是儿童零食中兼具趣味性与安全性的经典款。', 10, 3);
INSERT INTO `goods` VALUES (38, '芝士味小馒头', '/picture/38-1.jpg', '/picture/38-2.jpg', '/picture/38-3.jpg', 17.9, '芝士味小馒头呈迷你的奶黄色球状，视觉上小巧圆润，适合儿童抓握食用。咬下时发出轻微的“咔嚓”声，听觉上温和，嗅觉上浓郁的芝士香混合着奶香，醇厚不腻。触感酥松易嚼，入口即化，先是芝士的咸香在舌尖散开，随即奶香回味，味觉上咸甜适中（二星，满五星），无添加人工色素。主要原料：奶粉、芝士粉、小麦粉、鸡蛋，保质期10个月，独立小包装，是儿童零食中经典的休闲款。', 10, 3);
INSERT INTO `goods` VALUES (39, '芒果味QQ糖', '/picture/39-1.jpg', '/picture/39-2.jpg', '/picture/39-3.jpg', 15.9, '芒果味QQ糖呈芒果形状的半透明状，视觉上金黄诱人，造型逼真可爱。捏动时触感Q弹有弹性，听觉上无明显声响，嗅觉上浓郁的芒果果香，清新自然无异味。入口软糯有嚼劲，不粘牙，先是芒果的清甜在舌尖散开，随即淡淡的果酸提味，味觉上甜度适中（三星，满五星），采用天然芒果汁调色调味。主要原料：麦芽糖浆、芒果汁、明胶、柠檬酸，保质期18个月，独立包装，是儿童零食中趣味十足的糖果款。', 10, 3);
INSERT INTO `goods` VALUES (40, '鳕鱼肠（芝士味）', '/picture/40-1.jpg', '/picture/40-2.jpg', '/picture/40-3.jpg', 25.9, '芝士味鳕鱼肠呈奶白色的长条状，视觉上质地均匀，无杂质，包装上印有卡通图案，吸引儿童。咬开时发出轻微的“噗”声，听觉上柔和，嗅觉上浓郁的鳕鱼鲜香混合着芝士的咸香，醇厚不腻。触感弹嫩有嚼劲，专为儿童设计的软嫩口感，入口先是鳕鱼的鲜甜，随即芝士的咸香在口腔中散开，味觉上咸淡适中，无腥味，芝士味浓郁且自然。主要原料：鳕鱼肉（≥60%）、芝士粉、鸡蛋、食用盐，保质期9个月，独立真空包装，开袋即食，是儿童零食中补充优质蛋白的营养款。', 10, 3);
INSERT INTO `goods` VALUES (41, '南瓜味米饼', '/picture/41-1.jpg', '/picture/41-2.jpg', '/picture/41-3.jpg', 19.9, '南瓜味米饼呈淡黄色，视觉上有南瓜泥的自然色泽，造型为卡通圆形，萌趣十足。掰开时发出“咔嚓”的脆响，听觉上清脆利落，嗅觉上南瓜的香甜混合着大米的清香，清新自然。触感酥脆易嚼，入口先是南瓜的清甜，随即大米的醇香散开，味觉上甜度极低（一星，满五星），无添加蔗糖。主要原料：大米粉、南瓜泥、食用盐、植物油，保质期12个月，非油炸膨化，是儿童零食中健康清淡的休闲款。', 10, 3);
INSERT INTO `goods` VALUES (42, '原味手剥巴旦木', '/picture/42-1.jpg', '/picture/42-2.jpg', '/picture/42-3.jpg', 39.9, '原味手剥巴旦木外壳呈浅棕色，带有自然的纹理，视觉上饱满厚实，果仁呈奶白色，颗粒均匀。剥开外壳时能听到轻微的“咔嚓”声，听觉上解压，嗅觉上浓郁的巴旦木坚果原香，清淡不腻。触外壳坚硬但易剥，果仁触感饱满酥脆，入口先是坚果的醇香，随即淡淡的油脂香在舌尖散开，味觉上无额外调味（一星，满五星），仅靠巴旦木自然的咸香，越嚼越香，回甘持久。主要原料：精选巴旦木，无添加任何调味料，保质期12个月，低温烘焙锁鲜，是坚果系列中保留原味的经典款，富含优质脂肪与维生素E。', 10, 4);
INSERT INTO `goods` VALUES (43, '盐焗夏威夷果', '/picture/43-1.jpg', '/picture/43-2.jpg', '/picture/43-3.jpg', 59.9, '盐焗夏威夷果外壳呈棕褐色，带有天然的纹理，配有开果器，视觉上颗粒饱满圆润。撬开外壳时发出“啪”的轻响，听觉上满足，嗅觉上浓郁的坚果香混合着淡淡的海盐气息，咸香诱人。触感果仁绵密酥脆，入口先是海盐的咸香提味，随即夏威夷果特有的奶香在口腔中散开，味觉上咸甜平衡（二星，满五星），口感绵密且不腻，越嚼越有奶香回甘。主要原料：夏威夷果、食用海盐，低温烘焙，保质期10个月，无添加防腐剂，是坚果系列中口感绵密的高端款。', 10, 4);
INSERT INTO `goods` VALUES (44, '炭烧腰果', '/picture/44-1.jpg', '/picture/44-2.jpg', '/picture/44-3.jpg', 45.9, '炭烧腰果呈焦糖色，表面有细密的炭烧纹理，视觉上色泽诱人，颗粒饱满无碎渣。咬下时发出“咔嚓”的脆响，听觉上清脆利落，嗅觉上浓郁的炭烧香混合着腰果的坚果香，层次丰富。触感酥脆不粘牙，入口先是炭烧的焦香，随即腰果的清甜散开，味觉上咸甜适中（三星，满五星），炭烧味浓郁且不糊，回味有坚果的醇香。主要原料：腰果、白砂糖、食用盐、植物油，低温炭烧工艺，保质期11个月，是坚果系列中风味独特的热门款。', 10, 4);
INSERT INTO `goods` VALUES (45, '蜂蜜琥珀核桃仁', '/picture/45-1.jpg', '/picture/45-2.jpg', '/picture/45-3.jpg', 38.9, '蜂蜜琥珀核桃仁呈透亮的焦糖色，包裹着一层薄蜜，视觉上光泽诱人，核桃仁完整无碎。咬下时发出“咔嚓”的脆响，听觉上满足感十足，嗅觉上浓郁的蜂蜜甜香混合着核桃的坚果香，甜而不腻。触感酥脆中带着微微的粘糯，入口先是蜂蜜的清甜，随即核桃的醇香在舌尖散开，味觉上甜咸平衡（四星，满五星），蜂蜜味浓郁且不齁甜，核桃的苦涩感被中和得恰到好处。主要原料：核桃仁、蜂蜜、白砂糖、白芝麻，低温熬煮挂浆，保质期9个月，是坚果系列中甜口的经典款。', 10, 4);
INSERT INTO `goods` VALUES (47, '原味碧根果', '/picture/47-1.jpg', '/picture/47-2.jpg', '/picture/47-3.jpg', 55.9, '原味碧根果外壳呈浅棕色，带有自然的裂纹，视觉上果仁饱满，易剥取。撬开外壳时发出“啪”的轻响，听觉上满足，嗅觉上浓郁的碧根果坚果香，清淡不腻，无额外调味。触感果仁酥脆绵密，入口先是坚果的醇香，随即淡淡的油脂香在舌尖散开，味觉上无添加（一星，满五星），仅靠碧根果自然的咸香，口感绵密且回味悠长。主要原料：精选碧根果，低温烘焙，保质期12个月，是坚果系列中保留原味的高端款，富含不饱和脂肪酸。', 10, 4);
INSERT INTO `goods` VALUES (48, '香辣花生', '/picture/48-1.jpg', '/picture/48-2.jpg', '/picture/48-3.jpg', 19.9, '香辣花生呈红棕色，表面裹满香辣调味料，视觉上色泽鲜亮，颗粒饱满无瘪粒。咬下时发出“咔嚓”的脆响，听觉上清脆利落，嗅觉上浓郁的辣椒香混合着花生的烘烤香，香气扑鼻。触感酥脆不粘牙，入口先是花生的香甜，随即香辣味在舌尖散开，味觉上辣度适中（三星，满五星），咸香入味，花生的醇香与辣椒的辛香融合恰到好处。主要原料：花生、辣椒面、花椒粉、食用盐，低温烘烤，保质期10个月，是坚果系列中重口味的平价款。', 10, 4);
INSERT INTO `goods` VALUES (49, '抹茶味杏仁', '/picture/49-1.jpg', '/picture/49-2.jpg', '/picture/49-3.jpg', 42.9, '抹茶味杏仁呈淡绿色，表面均匀附着抹茶粉，视觉上清新雅致，杏仁颗粒完整。咬下时发出“咔嚓”的脆响，听觉上清脆，嗅觉上宇治抹茶的清苦香气混合着杏仁的坚果香，层次独特。触感酥脆易嚼，入口先是抹茶的清苦，随即杏仁的清甜散开，味觉上甜苦平衡（二星，满五星），抹茶味浓郁且不涩，杏仁的醇香回味持久。主要原料：杏仁、宇治抹茶粉、白砂糖、植物油，低温烘焙，保质期9个月，是坚果系列中风味新颖的特色款。', 10, 4);
INSERT INTO `goods` VALUES (50, '盐焗开心果', '/picture/50-1.jpg', '/picture/50-2.jpg', '/picture/50-3.jpg', 68.9, '盐焗开心果外壳呈淡绿色，开口率≥95%，视觉上颗粒饱满，果仁呈翠绿色。剥开外壳时发出轻微的“咯吱”声，听觉上解压，嗅觉上淡淡的海盐香混合着开心果的坚果香，清新自然。触感果仁酥脆有嚼劲，入口先是海盐的咸香提味，随即开心果的清甜散开，味觉上咸淡适中（一星，满五星），无添加人工调味，保留开心果的自然风味。主要原料：开心果、食用海盐，低温烘焙，保质期11个月，是坚果系列中健康轻盐的高端款。', 10, 4);
INSERT INTO `goods` VALUES (51, '椰香腰果', '/picture/51-1.jpg', '/picture/51-2.jpg', '/picture/51-3.jpg', 48.9, '椰香腰果呈奶白色，表面裹满椰蓉，视觉上蓬松诱人，颗粒饱满。咬下时发出“咔嚓”的脆响，听觉上满足，嗅觉上浓郁的椰香混合着腰果的坚果香，清新不腻。触感酥脆中带着椰蓉的绵软，入口先是椰蓉的香甜，随即腰果的醇香散开，味觉上甜而不腻（三星，满五星），椰香浓郁且持久，腰果的口感丰富有层次。主要原料：腰果、椰蓉、白砂糖、黄油，低温烘焙，保质期10个月，是坚果系列中甜口的特色款。', 10, 4);
INSERT INTO `goods` VALUES (52, '椒盐核桃', '/picture/52-1.jpg', '/picture/52-2.jpg', '/picture/52-3.jpg', 29.9, '椒盐核桃外壳呈深棕色，带有椒盐的均匀附着，视觉上纹理清晰，易剥开。撬开外壳时发出“啪”的轻响，听觉上解压，嗅觉上椒盐的咸香混合着核桃的坚果香，咸香入味。触感果仁酥脆有嚼劲，入口先是椒盐的咸香，随即核桃的醇香散开，味觉上咸淡适中（二星，满五星），椒盐味掩盖了核桃的苦涩，口感更易接受。主要原料：核桃、椒盐粉、食用盐，低温烘焙，保质期12个月，是坚果系列中平价且风味佳的经典款。', 10, 4);
INSERT INTO `goods` VALUES (53, '原味碳烤鱿鱼丝', '/picture/53-1.jpg', '/picture/53-2.jpg', '/picture/53-3.jpg', 45.9, '原味碳烤鱿鱼丝呈深棕色，纹理清晰，视觉上丝丝分明，无碎渣。撕扯时能听到轻微的“嘶啦”声，听觉上有嚼劲，嗅觉上浓郁的碳烤鱿鱼香，混合着淡淡的海鲜咸香，无腥味。触感柔韧有嚼劲，不粘牙，入口先是鱿鱼的鲜甜，随即碳烤的焦香在舌尖散开，味觉上咸淡适中（二星，满五星），无添加人工香精，仅靠鱿鱼本身的鲜味提味，越嚼越有海鲜的回甘。主要原料：新鲜鱿鱼、食用盐、白砂糖，碳烤工艺锁鲜，保质期9个月，独立真空包装，是海鲜零食中经典的手撕休闲款。', 10, 5);
INSERT INTO `goods` VALUES (54, '香辣鳗鱼丝', '/picture/54-1.jpg', '/picture/54-2.jpg', '/picture/54-3.jpg', 52.9, '香辣鳗鱼丝呈红棕色，表面裹满香辣调味料，视觉上油亮诱人，丝条均匀。咬下时发出轻微的“咯吱”声，听觉上有嚼劲，嗅觉上浓郁的鳗鱼鲜香混合着辣椒的辛香，香气扑鼻。触感柔韧有嚼劲，入口先是鳗鱼的鲜甜，随即香辣味在舌尖散开，味觉上辣度适中（四星，满五星），咸香入味，鳗鱼的鲜味与辣椒的辛香融合恰到好处。主要原料：鳗鱼、辣椒面、花椒粉、食用盐，低温烘烤，保质期8个月，是海鲜零食中重口味的特色款。', 10, 5);
INSERT INTO `goods` VALUES (55, '原味即食烤虾', '/picture/55-1.jpg', '/picture/55-2.jpg', '/picture/55-3.jpg', 68.9, '原味即食烤虾呈淡红色，视觉上虾身完整，个头均匀，肉质紧实。咬开时发出“咔嚓”的脆响（虾壳），听觉上满足，嗅觉上浓郁的鲜虾烘烤香，清新无腥味。触感虾壳酥脆，虾肉紧实有嚼劲，入口先是虾壳的咸香，随即虾肉的鲜甜散开，味觉上咸淡适中（一星，满五星），无添加人工调味，保留鲜虾的自然风味。主要原料：新鲜海虾、食用盐，低温碳烤，保质期10个月，独立包装，是海鲜零食中高蛋白的健康款。', 10, 5);
INSERT INTO `goods` VALUES (56, '烧烤味鱿鱼须', '/picture/56-1.jpg', '/picture/56-2.jpg', '/picture/56-3.jpg', 49.9, '烧烤味鱿鱼须呈深棕色，表面裹满烧烤调味料，视觉上须足完整，无断节。咬下时发出轻微的“咯吱”声，听觉上有嚼劲，嗅觉上浓郁的烧烤香料香混合着鱿鱼的鲜香，层次丰富。触感柔韧有嚼劲，不塞牙，入口先是鱿鱼的鲜甜，随即烧烤料的咸香与微辣在舌尖散开，味觉上咸甜辣平衡（三星，满五星），烧烤味浓郁且不掩盖鱿鱼的鲜味。主要原料：鱿鱼须、烧烤调味料、食用盐、白砂糖，碳烤工艺，保质期8个月，是海鲜零食中风味浓郁的热门款。', 10, 5);
INSERT INTO `goods` VALUES (57, '泡椒味鱼皮', '/picture/57-1.jpg', '/picture/57-2.jpg', '/picture/57-3.jpg', 38.9, '泡椒味鱼皮呈淡黄色，点缀着泡椒的红色，视觉上色泽鲜亮，鱼皮完整。咬下时发出“咔嚓”的脆响，听觉上清脆利落，嗅觉上泡椒的酸辣香混合着鱼皮的鲜香，独特诱人。触感酥脆不粘牙，入口先是泡椒的酸辣，随即鱼皮的鲜香散开，味觉上酸辣适中（四星，满五星），鱼皮的酥脆与泡椒的酸爽融合，越嚼越香。主要原料：鱼皮、泡椒、食用盐、白醋，低温油炸（控油），保质期9个月，是海鲜零食中酸辣风味的小众款。', 10, 5);
INSERT INTO `goods` VALUES (58, '原味银鱼仔', '/picture/58-1.jpg', '/picture/58-2.jpg', '/picture/58-3.jpg', 42.9, '原味银鱼仔呈银白色，视觉上体型小巧均匀，无杂质。咬下时发出轻微的“咯吱”声，听觉上有嚼劲，嗅觉上浓郁的银鱼鲜香，混合着淡淡的海盐香，清新自然。触感柔韧有嚼劲，入口先是银鱼的鲜甜，随即海盐的咸香提味，味觉上咸淡适中（一星，满五星），无添加人工香精，保留银鱼的自然风味。主要原料：银鱼、食用盐、白砂糖，低温烘烤，保质期10个月，独立小包装，是海鲜零食中便携的休闲款。', 10, 5);
INSERT INTO `goods` VALUES (59, '麻辣味花蛤肉', '/picture/59-1.jpg', '/picture/59-2.jpg', '/picture/59-3.jpg', 55.9, '麻辣味花蛤肉呈红棕色，表面裹满麻辣调味料，视觉上肉质饱满，无沙粒。咬下时发出轻微的“咯吱”声，听觉上有嚼劲，嗅觉上浓郁的麻辣香混合着花蛤的鲜香，香气扑鼻。触感肉质紧实有嚼劲，入口先是花蛤的鲜甜，随即麻辣味在舌尖散开，味觉上麻辣适中（五星，满五星），咸香入味，花蛤的鲜味与麻辣味融合恰到好处。主要原料：花蛤肉、辣椒面、花椒粉、食用盐，高温灭菌，保质期12个月，罐装密封，是海鲜零食中重口味的下酒菜。', 10, 5);
INSERT INTO `goods` VALUES (60, '芝士味鳕鱼粒', '/picture/60-1.jpg', '/picture/60-2.jpg', '/picture/60-3.jpg', 62.9, '芝士味鳕鱼粒呈奶白色，表面有芝士粉的均匀附着，视觉上颗粒饱满，质地细腻。咬下时发出轻微的“噗”声，听觉上柔和，嗅觉上浓郁的芝士香混合着鳕鱼的鲜香，醇厚诱人。触感绵软有嚼劲，入口先是芝士的咸香，随即鳕鱼的鲜甜散开，味觉上咸甜平衡（二星，满五星），芝士味浓郁且不腻，鳕鱼的口感绵密。主要原料：鳕鱼肉、芝士粉、鸡蛋、食用盐，低温烘烤，保质期8个月，是海鲜零食中适合儿童的营养款。', 10, 5);
INSERT INTO `goods` VALUES (62, '盐焗味蛏子干', '/picture/62-1.jpg', '/picture/62-2.jpg', '/picture/62-3.jpg', 72.9, '盐焗味蛏子干呈淡黄色，视觉上肉质饱满，无沙无杂质。咬下时发出轻微的“咯吱”声，听觉上有嚼劲，嗅觉上淡淡的海盐香混合着蛏子的鲜香，清新自然。触感肉质紧实有嚼劲，入口先是海盐的咸香，随即蛏子的鲜甜散开，味觉上咸淡适中（一星，满五星），无添加人工调味，保留蛏子的自然风味。主要原料：蛏子、食用海盐，低温盐焗，保质期12个月，是海鲜零食中高端的干货款。', 10, 5);
INSERT INTO `goods` VALUES (63, '蔓越莓软心饼干', '/picture/63-1.jpg', '/picture/63-2.jpg', '/picture/63-3.jpg', 18.9, '蔓越莓软心饼干外皮呈浅焦糖色，能看到暗红的蔓越莓果干嵌在其中，视觉上诱人十足。咬开时没有清脆声响，而是略带软糯的质感，嗅觉上蔓越莓的酸甜果香混合着黄油香气，清新不腻。触感外皮微酥，内芯软糯，入口先是黄油饼干的绵密，随即蔓越莓的酸甜在口腔中迸发，果干的嚼劲与饼干的软嫩融合，味觉上甜中带酸，层次丰富。主要原料：蔓越莓干、黄油、低筋面粉、糖粉，甜度：四星（满五星），保质期8个月，果干含量≥20%，是饼干系列中软心口感的代表，适合喜欢酸甜风味的人群。', 10, 1);
INSERT INTO `goods` VALUES (64, '阖家欢乐坚果礼盒', '/picture/64-1.jpg', '/picture/64-2.jpg', '/picture/64-3.jpg', 198.9, '阖家欢乐坚果礼盒外包装为中国红主色调，搭配金色祥云图案，视觉上喜庆大气，礼盒内包含巴旦木、夏威夷果、腰果、开心果、碧根果等8款坚果，独立罐装。开启礼盒时能听到礼盒盖的“啪”声，听觉上有仪式感，嗅觉上混合着各类坚果的醇香，浓郁不腻。触感礼盒质感厚实，坚果罐密封严实，每款坚果颗粒饱满酥脆，入口根据品类不同，或清甜或咸香，味觉上覆盖甜、咸、原味等多种风味，满足不同口味需求。所有坚果均采用低温烘焙工艺，无添加防腐剂，保质期12个月，是节日礼盒中经典的阖家分享款，适合春节、中秋等传统节日馈赠。', 10, 8);
INSERT INTO `goods` VALUES (65, '缤纷果干礼盒', '/picture/65-1.jpg', '/picture/65-2.jpg', '/picture/65-3.jpg', 168.9, '缤纷果干礼盒外包装为多彩渐变设计，视觉上活泼亮眼，礼盒内包含葡萄干、蔓越莓干、芒果干、草莓干、黄桃干等10款果干，独立小包装。开启时发出礼盒丝带的“嘶啦”声，听觉上有仪式感，嗅觉上混合着各类水果的香甜，清新自然。触感果干肉质饱满，软糯有嚼劲，入口根据品类不同，或酸甜或清甜，味觉上无添加人工香精，仅靠水果自然提味，甜度适中（二星至四星，满五星）。所有果干均采用冻干锁鲜工艺，保质期18个月，是节日礼盒中适合儿童与女性的清甜款。', 10, 8);
INSERT INTO `goods` VALUES (66, '年味肉食礼盒', '/picture/66-1.jpg', '/picture/66-2.jpg', '/picture/66-3.jpg', 258.9, '年味肉食礼盒外包装为复古国潮设计，视觉上年味十足，礼盒内包含酱牛肉、卤猪蹄、烤肠、熏鸡、香辣鸭脖等8款肉食，真空独立包装。开启时能听到真空包装的“啪”声，听觉上解压，嗅觉上混合着卤香、烤香等多种肉食香气，浓郁诱人。触感肉食肉质紧实，或酥烂或有嚼劲，入口根据品类不同，或咸香或麻辣，味觉上咸淡适中，风味浓郁且不腻。所有肉食均采用高温灭菌工艺，保质期9个月，是节日礼盒中适合家庭聚餐的硬菜款。', 10, 8);
INSERT INTO `goods` VALUES (67, '茶点饼干礼盒', '/picture/67-1.jpg', '/picture/67-2.jpg', '/picture/67-3.jpg', 158.9, '茶点饼干礼盒外包装为新中式设计，搭配水墨山水图案，视觉上雅致大气，礼盒内包含黄油曲奇、抹茶饼干、椰香薄脆、香葱苏打等10款饼干，独立小包装。开启时发出礼盒盖的轻响，听觉上温和，嗅觉上混合着黄油、奶香、茶香等多种香气，清新不腻。触感饼干或酥松或薄脆，入口根据品类不同，或香甜或咸香，味觉上甜度覆盖一星至四星（满五星），满足不同茶点需求。所有饼干均采用低温烘烤工艺，保质期10个月，是节日礼盒中适合品茶搭配的雅致款。', 10, 8);
INSERT INTO `goods` VALUES (68, '南瓜味米饼', '/picture/41-1.jpg', '/picture/41-2.jpg', '/picture/41-3.jpg', 19.9, '南瓜味米饼呈淡黄色，视觉上有南瓜泥的自然色泽，造型为卡通圆形，萌趣十足。掰开时发出“咔嚓”的脆响，听觉上清脆利落，嗅觉上南瓜的香甜混合着大米的清香，清新自然。触感酥脆易嚼，入口先是南瓜的清甜，随即大米的醇香散开，味觉上甜度极低（一星，满五星），无添加蔗糖。主要原料：大米粉、南瓜泥、食用盐、植物油，保质期12个月，非油炸膨化，是儿童零食中健康清淡的休闲款。', 10, 3);
INSERT INTO `goods` VALUES (69, '海鲜臻品礼盒', '/picture/69-1.jpg', '/picture/69-2.jpg', '/picture/69-3.jpg', 298.9, '海鲜臻品礼盒外包装为深海蓝主色调，视觉上高端大气，礼盒内包含烤虾、鱿鱼丝、鳗鱼丝、花蛤肉等8款海鲜零食，独立真空包装。开启时能听到真空包装的轻响，听觉上有质感，嗅觉上混合着海鲜的鲜香与烘烤香，清新无腥味。触感海鲜零食或柔韧或酥脆，入口根据品类不同，或鲜甜或麻辣，味觉上咸淡适中，保留海鲜的自然风味。所有海鲜均采用低温碳烤或高温灭菌工艺，保质期8-12个月不等，是节日礼盒中高端的海鲜特色款。', 10, 8);
INSERT INTO `goods` VALUES (70, '五谷杂粮礼盒', '/picture/70-1.jpg', '/picture/70-2.jpg', '/picture/70-3.jpg', 148.9, '五谷杂粮礼盒外包装为自然米色主色调，搭配谷物图案，视觉上健康质朴，礼盒内包含大米、小米、黑米、红豆、薏米等10款杂粮，独立密封罐装。开启时发出罐盖的“啪”声，听觉上解压，嗅觉上混合着各类谷物的清香，自然无异味。触感杂粮颗粒饱满，质地干燥，烹饪后口感或软糯或有嚼劲，入口根据品类不同，或清甜或清淡，味觉上无额外调味，保留谷物的自然风味。所有杂粮均无添加防腐剂，保质期18个月，是节日礼盒中适合馈赠长辈的健康款。', 10, 8);
INSERT INTO `goods` VALUES (72, '地方特产礼盒', '/picture/72-1.jpg', '/picture/72-2.jpg', '/picture/72-3.jpg', 228.9, '地方特产礼盒外包装为地域特色设计，印有当地地标图案，视觉上极具特色，礼盒内包含本地糕点、酱菜、坚果、肉食等10款地方特产，独立包装。开启时发出礼盒丝带的轻响，听觉上有仪式感，嗅觉上混合着各类特产的独特香气，浓郁诱人。触感特产或软糯或酥脆，入口根据品类不同，或咸香或香甜，味觉上贴合当地风味，咸淡适中，风味正宗。所有特产均采用传统工艺制作，保质期6-12个月不等，是节日礼盒中极具地域特色的馈赠款。', 10, 8);
INSERT INTO `goods` VALUES (73, '低糖健康礼盒', '/picture/73-1.jpg', '/picture/73-2.jpg', '/picture/73-3.jpg', 188.9, '低糖健康礼盒外包装为清新绿色主色调，视觉上健康自然，礼盒内包含无糖饼干、低糖坚果、无糖酸奶溶豆、杂粮脆片等10款低糖零食，独立包装。开启时发出礼盒盖的轻响，听觉上温和，嗅觉上混合着谷物香、奶香等清淡香气，无甜腻味。触感零食或酥松或酥脆，入口根据品类不同，或清淡或微甜，味觉上甜度均≤一星（满五星），无添加蔗糖。所有零食均采用健康工艺制作，保质期8-12个月不等，是节日礼盒中适合控糖人群的健康款。', 10, 8);
INSERT INTO `goods` VALUES (74, '环球零食礼盒', '/picture/74-1.jpg', '/picture/74-2.jpg', '/picture/74-3.jpg', 288.9, '环球零食礼盒外包装为多国风情设计，视觉上时尚大气，礼盒内包含进口饼干、巧克力、坚果、果干等12款全球特色零食，独立包装。开启时发出礼盒丝带的轻响，听觉上有仪式感，嗅觉上混合着各国零食的独特香气，层次丰富。触感零食或酥松或绵密，入口根据品类不同，或甜香或咸香，味觉上覆盖不同国家的风味特色，甜度与咸度适中。所有零食均为正规进口，保质期6-12个月不等，是节日礼盒中适合年轻群体的时尚款。', 10, 8);
INSERT INTO `goods` VALUES (75, '进口黑金松露巧克力', '/picture/75-1.jpg', '/picture/75-2.jpg', '/picture/75-3.jpg', 198.9, '进口黑金松露巧克力呈深棕色的球形，表面裹有可可粉，视觉上哑光高级，单颗独立金箔包装。掰开时能听到巧克力脆皮的轻微脆响，听觉上柔和，嗅觉上浓郁的黑松露香气混合着可可的醇香，层次丰富且不腻。触感应指即融，内芯绵密丝滑，入口先是可可的微苦，随即黑松露的独特香气在口腔中散开，味觉上甜苦平衡（三星，满五星），可可含量≥70%，无添加代可可脂，回味悠长且有松露的独特回甘。主要原料：进口可可液块、黑松露粉、淡奶油，冷链运输保鲜，保质期6个月，是高端零食中巧克力控的奢享款。', 10, 11);
INSERT INTO `goods` VALUES (76, '特级冻干榴莲干', '/picture/76-1.jpg', '/picture/76-2.jpg', '/picture/76-3.jpg', 168.9, '特级冻干榴莲干采用泰国金枕榴莲制作，呈淡黄色，视觉上果肉纹理清晰，无碎渣。咬下时发出“咔嚓”的脆响，听觉上清脆利落，嗅觉上浓郁的榴莲果香，纯正且无香精味。触感酥脆易嚼，入口即化，先是榴莲的香甜在舌尖散开，随即淡淡的奶香回味，味觉上甜而不腻（四星，满五星），冻干工艺保留90%以上榴莲营养，无添加蔗糖。主要原料：泰国金枕榴莲果肉，冻干锁鲜工艺，保质期12个月，独立密封包装，是高端零食中榴莲爱好者的必选款。', 10, 11);
INSERT INTO `goods` VALUES (77, '顶级鱼子酱薯片', '/picture/77-1.jpg', '/picture/77-2.jpg', '/picture/77-3.jpg', 228.9, '顶级鱼子酱薯片呈薄透的淡黄色，表面均匀附着鱼子酱与芝士粉，视觉上质感十足，单片独立包装。咬下时发出“啪”的清脆声响，听觉上解压，嗅觉上浓郁的鱼子酱咸香混合着芝士的奶香，醇厚诱人。触感薄脆易嚼，入口即化，先是鱼子酱的咸鲜在舌尖散开，随即芝士的醇香回味，味觉上咸甜平衡（二星，满五星），薯片采用非转基因马铃薯制作，无添加人工色素。主要原料：马铃薯片、鱼子酱、芝士粉、黄油，低温烘烤工艺，保质期8个月，是高端零食中轻奢的休闲款。', 10, 11);
INSERT INTO `goods` VALUES (78, '精选松茸坚果混合装', '/picture/78-1.jpg', '/picture/78-2.jpg', '/picture/78-3.jpg', 258.9, '精选松茸坚果混合装包含松茸碎、夏威夷果、碧根果、开心果等高端坚果，视觉上颗粒饱满，配色自然。混合时能听到坚果碰撞的轻微声响，听觉上解压，嗅觉上松茸的独特清香混合着坚果的醇香，层次独特。触感坚果酥脆，松茸碎绵软，入口先是坚果的醇香，随即松茸的清鲜散开，味觉上咸淡适中（一星，满五星），无添加人工调味，保留食材自然风味。主要原料：精选松茸、进口坚果，低温烘焙工艺，保质期10个月，独立小包装，是高端零食中兼具营养与口感的奢享款。', 10, 11);
INSERT INTO `goods` VALUES (79, '法式鹅肝酱饼干', '/picture/79-1.jpg', '/picture/79-2.jpg', '/picture/79-3.jpg', 188.9, '法式鹅肝酱饼干采用法式薄脆饼干搭配手工鹅肝酱，视觉上饼干金黄酥脆，鹅肝酱质地绵密。掰开饼干时发出“咔嚓”的脆响，听觉上清脆，嗅觉上鹅肝酱的浓郁醇香混合着饼干的黄油香，诱人食欲。触感饼干酥脆，鹅肝酱绵密，入口先是饼干的酥松，随即鹅肝酱的醇厚在口腔中散开，味觉上咸香适中（二星，满五星），无腥味，鹅肝酱含量≥40%。主要原料：法式薄脆饼干、新鲜鹅肝、黄油、食用盐，低温冷藏工艺，保质期6个月，是高端零食中法式风味的特色款。', 10, 11);
INSERT INTO `goods` VALUES (80, '冰岛即食海参', '/picture/80-1.jpg', '/picture/80-2.jpg', '/picture/80-3.jpg', 398.9, '冰岛即食海参呈深褐色，视觉上肉质厚实，参刺完整，独立真空包装。切开时能听到海参肉质的轻微“咯吱”声，听觉上有弹性，嗅觉上淡淡的海鲜咸香，无腥味。触感肉质Q弹有嚼劲，入口先是海参的鲜甜，随即淡淡的鲍汁提味（鲍汁款），味觉上咸淡适中（一星，满五星），无添加防腐剂，采用高温灭菌工艺锁鲜。主要原料：冰岛进口海参、鲍汁（可选），保质期12个月，开袋即食，是高端零食中滋补养生的奢享款。', 10, 11);
INSERT INTO `goods` VALUES (81, '日式和牛脆片', '/picture/81-1.jpg', '/picture/81-2.jpg', '/picture/81-3.jpg', 268.9, '日式和牛脆片采用和牛雪花部位制作，呈浅棕色，视觉上纹理清晰，薄如蝉翼。咬下时发出“咔嚓”的脆响，听觉上满足，嗅觉上和牛的醇香混合着日式照烧的甜香，浓郁不腻。触感薄脆易嚼，入口先是和牛的鲜香，随即照烧的甜咸在舌尖散开，味觉上甜咸平衡（三星，满五星），无添加人工香精，保留和牛的自然风味。主要原料：日式和牛、照烧酱、食用盐，低温烘烤工艺，保质期9个月，独立密封包装，是高端零食中肉食爱好者的必选款。', 10, 11);
INSERT INTO `goods` VALUES (82, '顶级白松露坚果酱', '/picture/82-1.jpg', '/picture/82-2.jpg', '/picture/82-3.jpg', 298.9, '顶级白松露坚果酱呈浅棕色，质地绵密，视觉上无颗粒感，玻璃罐装配金色瓶盖。搅拌时触感顺滑，听觉上无明显声响，嗅觉上白松露的独特清香混合着坚果的醇香，层次丰富。入口绵密顺滑，先是坚果的香甜在舌尖散开，随即白松露的清鲜回味，味觉上甜咸平衡（二星，满五星），可搭配面包、饼干食用，风味独特。主要原料：白松露粉、榛子仁、杏仁、黄油，低温熬煮工艺，保质期12个月，是高端零食中轻奢的佐餐款。', 10, 11);
INSERT INTO `goods` VALUES (83, '澳洲进口芒果干', '/picture/83-1.jpg', '/picture/83-2.jpg', '/picture/83-3.jpg', 158.9, '澳洲进口芒果干采用澳洲凯特芒制作，呈金黄色，视觉上果肉厚实，纹理清晰，无添加色素。咬下时发出轻微的“咯吱”声，听觉上有嚼劲，嗅觉上浓郁的芒果果香，纯正且无香精味。触感肉质饱满，软糯有嚼劲，不粘牙，入口先是芒果的清甜，随即淡淡的果酸提味，味觉上甜酸平衡（三星，满五星），无添加蔗糖，仅靠芒果自然提甜。主要原料：澳洲凯特芒果肉，冻干锁鲜工艺，保质期18个月，独立密封包装，是高端零食中果干类的奢享款。', 10, 11);
INSERT INTO `goods` VALUES (84, '奢享鱼子酱巧克力', '/picture/84-1.jpg', '/picture/84-2.jpg', '/picture/84-3.jpg', 288.9, '奢享鱼子酱巧克力呈球形，外层为黑巧克力，内芯包裹鱼子酱夹心，视觉上黑金配色，高级感十足。咬开时能听到巧克力脆皮的脆响，听觉上满足，嗅觉上黑巧克力的微苦混合着鱼子酱的咸鲜，层次独特。触感外层酥脆，内芯绵密，入口先是黑巧克力的醇厚，随即鱼子酱的咸鲜在口腔中散开，味觉上甜咸平衡（二星，满五星），可可含量≥80%，鱼子酱为进口顶级款。主要原料：进口黑巧克力、顶级鱼子酱、淡奶油，冷链保鲜，保质期6个月，是高端零食中极具特色的奢享款。', 10, 11);
INSERT INTO `goods` VALUES (85, '童趣零食礼盒', '/picture/68-1.jpg', '/picture/68-2.jpg', '/picture/68-3.jpg', 128.9, '童趣零食礼盒外包装为卡通萌趣设计，印有经典动画形象，视觉上吸引儿童，礼盒内包含动物饼干、星星软糖、鳕鱼肠、溶豆、磨牙棒等12款儿童零食，独立小包装。开启时发出礼盒丝带的轻响，听觉上活泼，嗅觉上混合着奶香、果香等清新香气，无刺鼻味。触感零食或酥松或软糯，专为儿童设计口感，入口根据品类不同，或清甜或咸香，味觉上甜度均≤三星（满五星），无添加人工色素与香精。所有零食均符合儿童食品标准，保质期6-18个月不等，是节日礼盒中适合馈赠有娃家庭的童趣款。', 10, 8);
INSERT INTO `goods` VALUES (86, '草莓味磨牙棒', '/picture/35-1.jpg', '/picture/35-2.jpg', '/picture/35-3.jpg', 18.9, '草莓味磨牙棒呈长条状，视觉上淡粉色（天然草莓粉调色），表面有细密的纹理，适合儿童抓握磨牙。咬嚼时发出轻微的“咯吱”声，听觉上温和，嗅觉上淡淡的草莓果香混合着小麦的清香，清新不腻。触感坚硬但不硌牙，专为出牙期宝宝设计，能缓解牙龈不适，入口先是草莓的清甜，随即小麦的醇香散开，味觉上甜度极低（一星，满五星），无添加香精色素。主要原料：小麦粉、草莓粉、奶粉、橄榄油，保质期12个月，独立包装，干净卫生，是儿童零食中针对性的磨牙款。', 10, 3);
INSERT INTO `goods` VALUES (87, '咖啡伴侣礼盒', '/picture/71-1.jpg', '/picture/71-2.jpg', '/picture/71-3.jpg', 178.9, '咖啡伴侣礼盒外包装为简约轻奢设计，视觉上高级感十足，礼盒内包含各类口味曲奇、焦糖饼干、坚果仁、巧克力等8款搭配咖啡的零食，独立小包装。开启时发出礼盒盖的轻响，听觉上温和，嗅觉上混合着咖啡香（附赠挂耳咖啡）、奶香、焦糖香等，浓郁不腻。触感零食或酥松或绵密，入口根据品类不同，或甜香或咸香，味觉上甜度覆盖二星至四星（满五星），与咖啡搭配口感互补。所有零食均采用低温工艺制作，保质期9-12个月不等，是节日礼盒中适合咖啡爱好者的轻奢款。', 10, 8);
INSERT INTO `goods` VALUES (88, '香蕉味泡芙球', '/picture/36-1.jpg', '/picture/36-2.jpg', '/picture/36-3.jpg', 22.9, '香蕉味泡芙球呈淡黄色的中空球状，视觉上小巧可爱，表面有细密的气孔，适合儿童抓食。咬开时发出“嘭”的轻响，听觉上解压有趣，嗅觉上浓郁的香蕉果香混合着奶香，清新自然。触感空心酥脆，入口即化，先是香蕉的清甜在舌尖散开，随即奶香回味，味觉上甜度适中（二星，满五星），无添加人工香精。主要原料：香蕉泥、奶粉、小麦粉、植物油，保质期8个月，非油炸工艺，是儿童零食中口感轻盈的趣味款。', 10, 3);
INSERT INTO `goods` VALUES (89, '精选羊肚菌脆片', '/picture/85-1.jpg', '/picture/85-2.jpg', '/picture/85-3.jpg', 218.9, '精选羊肚菌脆片采用云南特级羊肚菌制作，呈深褐色，视觉上菌纹清晰，完整无碎。咬下时发出“咔嚓”的脆响，听觉上清脆利落，嗅觉上羊肚菌的独特清香混合着淡淡的海盐香，清新自然。触感酥脆易嚼，入口先是羊肚菌的清鲜，随即海盐的咸香提味，味觉上咸淡适中（一星，满五星），无添加人工调味，冻干工艺保留羊肚菌营养。主要原料：云南特级羊肚菌、食用海盐，冻干工艺，保质期10个月，独立包装，是高端零食中兼具营养与口感的特色款。', 10, 11);
INSERT INTO `goods` VALUES (90, '蓝莓味果泥', '/picture/37-1.jpg', '/picture/37-2.jpg', '/picture/37-3.jpg', 21.9, '蓝莓味果泥呈深紫色的泥状，视觉上质地细腻无颗粒，包装为便携吸嘴袋，方便儿童食用。挤压时触感顺滑，听觉上无明显声响，嗅觉上浓郁的蓝莓果香，清新不刺鼻，无香精味。入口绵密顺滑，无需咀嚼，先是蓝莓的酸甜在舌尖散开，随即水果的自然清甜回味，味觉上无添加蔗糖（一星，满五星），仅靠蓝莓自然提甜。主要原料：蓝莓果肉（≥90%）、苹果泥、维生素C，保质期12个月，无防腐剂，是儿童零食中补充花青素的营养款。', 10, 3);
INSERT INTO `goods` VALUES (91, '五香开口松子', '/picture/46-1.jpg', '/picture/46-2.jpg', '/picture/46-3.jpg', 69.9, '五香开口松子外壳呈棕红色，开口均匀，视觉上颗粒饱满修长，果仁呈淡黄色。剥开外壳时发出轻微的“咯吱”声，听觉上解压，嗅觉上浓郁的五香料香混合着松子的坚果香，咸香入味。触感果仁酥脆有嚼劲，入口先是五香的咸香，随即松子的清甜散开，味觉上咸淡适中（二星，满五星），五香味浓郁且不掩盖松子本身的香气，越嚼越有回甘。主要原料：松子、五香粉、食用盐，低温烘焙，保质期8个月，无添加香精，是坚果系列中咸香风味的特色款。', 10, 4);
INSERT INTO `goods` VALUES (92, '孜然味烤鱿鱼板', '/picture/61-1.jpg', '/picture/61-2.jpg', '/picture/61-3.jpg', 47.9, '孜然味烤鱿鱼板呈深棕色，表面有孜然颗粒的均匀分布，视觉上板状完整，厚度均匀。咬下时发出轻微的“咯吱”声，听觉上有嚼劲，嗅觉上孜然的辛香混合着鱿鱼的鲜香，独特诱人。触感柔韧有嚼劲，入口先是鱿鱼的鲜甜，随即孜然的咸香在舌尖散开，味觉上咸淡适中（二星，满五星），孜然味浓郁且不掩盖鱿鱼的鲜味。主要原料：鱿鱼板、孜然粉、食用盐、白砂糖，碳烤工艺，保质期9个月，是海鲜零食中孜然风味的特色款。', 10, 5);
INSERT INTO `goods` VALUES (93, '芝士咸味饼干', '/picture/1768183025317.jpg', '/picture/1768183025334.jpg', '/picture/1768183025348.jpg', 19.9, '芝士咸味饼干呈淡黄色，表面有芝士粉的均匀附着，视觉上质感十足。轻咬时发出清脆的脆响，嗅觉上浓郁的芝士咸香混合着黄油香气，诱人食欲。触感酥脆不粘牙，入口先是芝士的咸香醇厚，随即黄油的绵密感在舌尖散开，味觉上咸度适中，还带着芝士特有的微酸回甘，层次丰富。主要原料：芝士粉、黄油、小麦粉、食用盐，甜度：一星（满五星），保质期10个月，芝士含量≥15%，是饼干系列中咸味芝士控的必选款。', 10, 1);
INSERT INTO `goods` VALUES (94, '番茄味薯片脆', '/picture/1768183053016.jpg', '/picture/1768183053030.jpg', '/picture/1768183053075.jpg', 7.9, '番茄味薯片脆呈薄透的橙红色，表面裹满番茄粉，视觉上色彩鲜亮。咬下时发出清脆的“啪”声，听觉上解压十足，嗅觉上浓郁的番茄酸甜果香混合着土豆香，清新不腻。触感薄脆易嚼，入口即化，先是番茄的酸甜在舌尖迸发，随即土豆的醇香回味，味觉上酸甜平衡，番茄味浓郁且不齁甜。主要原料：马铃薯片、番茄粉、白砂糖、食用盐，保质期10个月，薄切烘烤工艺，低脂低油，是膨化系列中经典的番茄风味款。', 11, 2);
INSERT INTO `goods` VALUES (95, '原味鲜虾片', '/picture/1768183083877.jpg', '/picture/1768183083891.jpg', '/picture/11-3.jpg', 23.9, '原味鲜虾片呈薄透的淡粉色，视觉上轻盈通透，能看到细微的虾粉颗粒。咬下时发出清脆的“啪”声，听觉上解压有趣，嗅觉上浓郁的鲜虾鲜香，清新无腥味。触感薄脆易嚼，入口即化，先是鲜虾的鲜甜在舌尖散开，随即淡淡的盐味提味，味觉上咸淡适中（一星，满五星），无添加人工香精。主要原料：虾粉（≥40%）、小麦粉、食用盐、植物油，保质期9个月，非油炸烘烤，是儿童零食中补充优质蛋白的休闲款。', 10, 3);
INSERT INTO `goods` VALUES (96, '柠檬味烤鱼片', '/picture/1768183098288.jpg', '/picture/12-2.jpg', '/picture/12-3.jpg', 44.9, '柠檬味烤鱼片呈淡黄色，视觉上质地轻薄，纹理清晰。咬下时发出轻微的“嘶啦”声，听觉上有嚼劲，嗅觉上柠檬的清香混合着鱼肉的鲜香，清新不腻。触感柔韧有嚼劲，入口先是柠檬的酸甜，随即鱼肉的鲜甜散开，味觉上酸甜平衡（二星，满五星），柠檬味掩盖了鱼肉的腥味，口感更清新。主要原料：马面鱼、柠檬汁、食用盐、白砂糖，低温烘烤，保质期10个月，是海鲜零食中清新风味的休闲款。', 10, 5);
INSERT INTO `goods` VALUES (97, '抹茶红豆夹心饼干', '/picture/1768183115678.jpg', '/picture/13-2.jpg', '/picture/13-3.jpg', 16.9, '抹茶红豆夹心饼干外层是淡绿色的抹茶饼干体，中间夹着暗红色的红豆沙夹心，视觉上配色清新雅致。掰开时能听到饼干体轻微的脆响，夹心则软糯拉丝，嗅觉上宇治抹茶的清苦香气混合着红豆的甜香，淡雅宜人。触感外层酥脆，夹心绵密，入口先是抹茶的清苦，随即红豆夹心的香甜中和苦味，味觉上甜苦平衡，还带着抹茶特有的茶韵回甘。主要原料：宇治抹茶粉、红豆沙、小麦粉、黄油，甜度：三星（满五星），保质期9个月，无人工色素，是饼干系列中兼具日式风味的特色款。', 10, 1);
INSERT INTO `goods` VALUES (98, '海盐焦糖饼干', '/picture/1768183141942.jpg', '/picture/14-2.jpg', '/picture/14-3.jpg', 14.9, '海盐焦糖饼干呈焦糖色，表面有细密的盐粒点缀，视觉上光泽诱人。轻咬时发出清脆的“咔嚓”声，嗅觉上浓郁的焦糖香气混合着淡淡的海盐气息，甜咸交织。触感酥脆易断，入口先是焦糖的焦香甜味，随即海盐的咸香在舌尖散开，中和甜腻，味觉上回味有淡淡的黄油香，层次丰富。主要原料：焦糖酱、食用海盐、小麦粉、黄油，甜度：四星（满五星），保质期10个月，采用低温烘烤工艺，是饼干系列中甜咸风味的热门款。', 10, 1);
INSERT INTO `goods` VALUES (99, '花生酱夹心饼干', '/picture/15-1.jpg', '/picture/15-2.jpg', '/picture/15-3.jpg', 13.9, '花生酱夹心饼干外层是金黄色的酥性饼干，中间夹着醇厚的花生酱夹心，视觉上饱满厚实。掰开时能听到饼干的脆响，同时花生酱夹心会微微拉丝，嗅觉上浓郁的花生烘烤香气扑面而来，醇厚不腻。触感外层酥脆，夹心绵密，入口先是饼干的酥松，随即花生酱的咸香与微甜在口腔中散开，味觉上花生味浓郁，还带着一丝烘烤的焦香。主要原料：花生酱、小麦粉、黄油、白砂糖，甜度：三星（满五星），保质期9个月，花生酱含量≥30%，是饼干系列中经典的咸甜夹心款。', 10, 1);
INSERT INTO `goods` VALUES (100, '椰香薄脆饼干', '/picture/16-1.jpg', '/picture/16-2.jpg', '/picture/16-3.jpg', 11.9, '椰香薄脆饼干呈薄透的奶白色，能看到细密的椰蓉颗粒，视觉上轻盈通透。咬下时发出清脆的“咔嚓”声，嗅觉上浓郁的椰香混合着小麦的清香，清新自然。触感薄脆易嚼，入口即化，先是椰蓉的香甜在舌尖散开，随即小麦的醇香回味，味觉上甜而不腻，椰香浓郁且持久。主要原料：椰蓉、小麦粉、黄油、椰奶，甜度：二星（满五星），保质期11个月，采用薄切烘烤工艺，是饼干系列中口感轻盈的休闲款。', 10, 1);
INSERT INTO `goods` VALUES (101, '紫薯燕麦饼干', '/picture/17-1.jpg', '/picture/17-2.jpg', '/picture/17-3.jpg', 17.9, '紫薯燕麦饼干呈淡紫色，嵌有燕麦片的颗粒，视觉上健康自然。掰开时能听到燕麦片与饼干体碰撞的轻微声响，嗅觉上紫薯的香甜混合着燕麦的谷物香气，清淡不腻。触感酥松中带着燕麦的嚼劲，入口先是紫薯的清甜，随即燕麦的谷物香在口腔中散开，味觉上低糖低脂，口感丰富，还带着一丝谷物的回甘。主要原料：紫薯泥、燕麦片、小麦粉、橄榄油，甜度：一星（满五星），保质期8个月，无添加蔗糖，是饼干系列中健康代餐的优选款。', 10, 1);
INSERT INTO `goods` VALUES (102, '黄油奶香曲奇饼干', '/picture/18-1.jpg', '/picture/18-2.jpg', '/picture/18-3.jpg', 12.9, '这款黄油奶香曲奇饼干呈诱人的金黄色，表面分布着细密的黄油颗粒，视觉上层次分明。掰开时能听到清脆的“咔嚓”声，瞬间释放出浓郁的黄油与奶香交织的醇厚香气，嗅觉上让人垂涎欲滴。触感应指即碎，酥松不粘牙，入口先是黄油的绵密醇厚，紧接着是淡淡奶香在舌尖散开，甜而不腻，尾调还带着一丝天然的香草气息，味觉体验丰富。主要原料选用新西兰黄油、高筋小麦粉、进口奶粉，甜度：三星（满五星），保质期长达12个月，独立小包装设计，无论是下午茶搭配咖啡，还是日常解馋都十分合适，是饼干系列中经典的奶香风味代表作。', 10, 1);
INSERT INTO `goods` VALUES (103, '红豆薏米饼干', '/picture/19-1.jpg', '/picture/19-2.jpg', '/picture/19-3.jpg', 15.9, '红豆薏米饼干呈浅棕色，能看到红豆与薏米的颗粒，视觉上健康质朴。掰开时发出轻微的酥响，嗅觉上红豆的香甜混合着薏米的谷物清香，淡雅宜人。触感酥松易嚼，入口先是谷物的醇香，随即红豆的清甜散开，味觉上低糖清淡，还带着薏米的微甘，饱腹感强。主要原料：红豆粉、薏米粉、小麦粉、植物油，甜度：一星（满五星），保质期9个月，无添加防腐剂，是饼干系列中主打健康养生的特色款。', 10, 1);
INSERT INTO `goods` VALUES (104, '原味空心薯笛', '/picture/20-1.jpg', '/picture/20-2.jpg', '/picture/20-3.jpg', 8.9, '原味空心薯笛呈金黄的中空管状，表面有细密的纹理，视觉上酥脆诱人。咬下时发出“咔嚓”的清脆声响，听觉上极具解压感，嗅觉上浓郁的土豆原香扑面而来，清新自然。触感空心酥脆，轻捏即碎，入口先是土豆的醇香，随即淡淡的盐味提味，味觉上咸淡适中，薯香浓郁且不油腻，越嚼越有谷物的回甘。主要原料：马铃薯粉、玉米淀粉、食用盐、棕榈油，保质期9个月，采用非油炸膨化工艺，低脂轻卡，是膨化系列中经典的原味休闲款，适合全家共享。', 10, 2);
INSERT INTO `goods` VALUES (105, '烧烤味玉米浪', '/picture/21-1.jpg', '/picture/21-2.jpg', '/picture/21-3.jpg', 9.9, '烧烤味玉米浪呈波浪形的金黄色，表面均匀附着烧烤调味料，视觉上色泽诱人。咬开时发出“咔嚓”的脆响，听觉上清脆悦耳，嗅觉上浓郁的烧烤香料香混合着玉米的清甜，层次丰富。触感波浪形的酥脆质感，入口先是玉米的香甜，随即烧烤料的咸香与微辣在舌尖散开，味觉上咸甜辣平衡，还带着一丝烟熏的香气，回味悠长。主要原料：玉米粉、烧烤调味料、植物油、白砂糖，保质期8个月，非油炸工艺，是膨化系列中风味浓郁的热门款。', 10, 2);
INSERT INTO `goods` VALUES (106, '黑巧克力榛子饼干', '/picture/22-1.jpg', '/picture/22-2.jpg', '/picture/22-3.jpg', 15.9, '黑巧克力榛子饼干通体呈深棕色调，嵌有饱满的榛子碎，视觉上极具质感。轻咬时能听到巧克力脆皮与饼干酥层碰撞的脆响，嗅觉上立刻捕捉到微苦的黑巧克力香与烘烤榛子的坚果香气，层次丰富。触感酥脆中带着榛子的微硬颗粒感，入口先是黑巧克力的微苦醇厚，随即榛子的香脆与饼干的酥松融合，甜苦平衡，味觉上回味悠长。主要原料：可可含量70%的黑巧克力、榛子仁、低筋面粉、黄油，甜度：二星（满五星），保质期10个月，不含反式脂肪酸，是饼干系列中兼具巧克力风味与坚果口感的特色款。', 10, 1);
INSERT INTO `goods` VALUES (107, '海苔味米饼', '/picture/23-1.jpg', '/picture/23-2.jpg', '/picture/23-3.jpg', 10.9, '海苔味米饼呈米白色，表面有海苔碎的均匀分布，视觉上清新素雅。掰开时发出“咔嚓”的脆响，听觉上清脆利落，嗅觉上海苔的鲜咸香气混合着大米的清香，淡雅宜人。触感酥脆中带着大米的蓬松感，入口先是大米的醇香，随即海苔的鲜咸散开，味觉上咸淡适中，还带着一丝米香的回甘，口感轻盈不腻。主要原料：大米粉、海苔碎、食用盐、植物油，保质期12个月，非油炸膨化，是膨化系列中适合儿童的清淡款。', 10, 2);
INSERT INTO `goods` VALUES (108, '香辣味虾条', '/picture/24-1.jpg', '/picture/24-2.jpg', '/picture/24-3.jpg', 11.9, '香辣味虾条呈橙红色的长条状，表面裹满香辣调味料，视觉上色泽诱人。咬下时发出“咔嚓”的脆响，听觉上极具满足感，嗅觉上浓郁的虾香混合着辣椒的辛香，香气扑鼻。触感酥脆不粘牙，入口先是鲜虾的鲜甜，随即香辣味在舌尖散开，味觉上辣度适中，咸香入味，虾味浓郁且持久。主要原料：虾粉、小麦粉、辣椒面、植物油，保质期8个月，虾粉含量≥15%，是膨化系列中重口味爱好者的优选款。', 10, 2);
INSERT INTO `goods` VALUES (109, '芝士味空心脆', '/picture/25-1.jpg', '/picture/25-2.jpg', '/picture/25-3.jpg', 13.9, '芝士味空心脆呈淡黄色的中空球状，表面有芝士粉的附着，视觉上呆萌可爱。咬开时发出“嘭”的轻响，听觉上解压有趣，嗅觉上浓郁的芝士咸香混合着奶香，醇厚诱人。触感空心酥脆，入口即碎，先是芝士的咸香在口腔中散开，随即奶香回味，味觉上咸甜平衡，芝士味浓郁且不腻。主要原料：芝士粉、小麦粉、黄油、食用盐，保质期9个月，非油炸工艺，是膨化系列中芝士控的必选款。', 10, 2);
INSERT INTO `goods` VALUES (110, '芥末味青豆脆', '/picture/26-1.jpg', '/picture/26-2.jpg', '/picture/26-3.jpg', 12.9, '芥末味青豆脆呈翠绿色，包裹着淡淡的芥末调味粉，视觉上清新亮眼。咬下时发出“咔嚓”的脆响，听觉上清脆利落，嗅觉上芥末的微辛香气混合着青豆的清香，层次独特。触感酥脆中带着青豆的颗粒感，入口先是青豆的清甜，随即芥末的微辛在舌尖散开，味觉上辛而不辣，咸香入味，越嚼越有青豆的回甘。主要原料：青豆、芥末粉、食用盐、植物油，保质期10个月，低温膨化工艺，是膨化系列中风味独特的小众款。', 10, 2);
INSERT INTO `goods` VALUES (111, '蜂蜜黄油味薯条', '/picture/27-1.jpg', '/picture/27-2.jpg', '/picture/27-3.jpg', 14.9, '蜂蜜黄油味薯条呈金黄的长条状，表面裹满蜂蜜黄油酱，视觉上光泽诱人。咬下时发出“咔嚓”的脆响，听觉上满足感十足，嗅觉上浓郁的黄油香混合着蜂蜜的甜香，甜而不腻。触感酥脆中带着微微的绵密感，入口先是黄油的醇厚，随即蜂蜜的清甜散开，味觉上甜咸平衡，黄油味浓郁且回味有奶香。主要原料：马铃薯条、黄油、蜂蜜、食用盐，保质期8个月，非油炸烘烤，是膨化系列中甜咸风味的热门款。', 10, 2);
INSERT INTO `goods` VALUES (112, '藤椒味洋芋片', '/picture/28-1.jpg', '/picture/28-2.jpg', '/picture/28-3.jpg', 10.9, '藤椒味洋芋片呈薄透的淡黄色，表面有藤椒粉的均匀附着，视觉上清爽质朴。咬下时发出“啪”的清脆声响，听觉上解压有趣，嗅觉上藤椒的麻香混合着土豆的清香，独特诱人。触感薄脆易嚼，入口先是土豆的醇香，随即藤椒的麻香在舌尖散开，味觉上麻而不苦，咸香入味，还带着一丝藤椒的清鲜。主要原料：马铃薯片、藤椒粉、食用盐、植物油，保质期9个月，薄切工艺，是膨化系列中川味特色的休闲款。', 10, 2);
INSERT INTO `goods` VALUES (113, '肉松味米卷', '/picture/29-1.jpg', '/picture/29-2.jpg', '/picture/29-3.jpg', 15.9, '肉松味米卷呈米白色的卷状，表面裹满肉松碎，视觉上饱满诱人。咬开时发出“咔嚓”的脆响，听觉上清脆利落，嗅觉上肉松的咸香混合着大米的清香，浓郁不腻。触感外层酥脆，内芯蓬松，入口先是肉松的咸香，随即大米的醇香散开，味觉上咸甜适中，肉松味浓郁且有嚼劲。主要原料：大米粉、肉松、白砂糖、食用盐，保质期12个月，非油炸膨化，是膨化系列中饱腹感强的代餐款。', 10, 2);
INSERT INTO `goods` VALUES (114, '海盐味豌豆脆', '/picture/30-1.jpg', '/picture/30-2.jpg', '/picture/30-3.jpg', 11.9, '海盐味豌豆脆呈淡绿色，表面有细密的海盐颗粒，视觉上清新自然。咬下时发出“咔嚓”的脆响，听觉上解压十足，嗅觉上豌豆的清香混合着海盐的咸香，清淡不腻。触感酥脆易嚼，入口先是豌豆的清甜，随即海盐的咸香提味，味觉上咸淡适中，豌豆味浓郁且回甘持久。主要原料：豌豆粉、食用海盐、植物油、玉米淀粉，保质期10个月，非油炸工艺，是膨化系列中健康轻卡的休闲款。', 10, 2);
INSERT INTO `goods` VALUES (115, '香葱咸味苏打饼干', '/picture/31-1.jpg', '/picture/31-2.jpg', '/picture/31-3.jpg', 9.8, '香葱咸味苏打饼干呈奶白色基底，点缀着翠绿的香葱碎，视觉上清新自然。掰开时发出“啪”的清脆声响，嗅觉上浓郁的香葱香气混合着小麦的清香扑面而来，咸香不刺鼻。触感干爽不粘手，酥松易嚼，入口先是淡淡的小麦香，紧接着香葱的鲜咸在舌尖散开，口感清爽不腻，味觉上咸度适中，还带着苏打饼干特有的微碱性回甘。主要原料：小麦粉、香葱、食用纯碱、食用盐，甜度：一星（满五星），保质期9个月，无额外添加蔗糖，适合控糖人群，是饼干系列中经典的咸味休闲款。', 10, 1);
INSERT INTO `goods` VALUES (116, '水果味星星软糖', '/picture/32-1.jpg', '/picture/32-2.jpg', '/picture/32-3.jpg', 19.9, '水果味星星软糖呈五彩的星星造型，视觉上色彩鲜艳（采用天然果蔬色素），颗颗饱满晶莹，萌趣十足。捏动时触感Q弹软糯，无硬芯，听觉上无明显声响，嗅觉上浓郁的草莓、橙子、葡萄等混合水果果香，清新不刺鼻。入口软糯有嚼劲，不粘牙，先是草莓的酸甜在舌尖散开，随即橙子的清香、葡萄的清甜依次迸发，味觉上甜度适中（二星，满五星），无添加人工香精与防腐剂。主要原料：麦芽糖浆、天然果蔬汁、明胶、维生素C，保质期18个月，每颗独立包装，干净卫生，是儿童零食中补充维生素的趣味款。', 10, 3);
INSERT INTO `goods` VALUES (117, '奶香动物造型饼干', '/picture/33-1.jpg', '/picture/33-2.jpg', '/picture/33-3.jpg', 16.9, '这款奶香动物造型饼干采用可爱的小熊、小兔、小猫等动物模具制作，视觉上色彩柔和（无人工色素），造型萌趣十足，能瞬间吸引儿童注意力。掰开时发出轻微的“咔嚓”声，听觉上温和不刺耳，嗅觉上浓郁的奶香混合着小麦的清香，清新自然无异味。触感酥松易嚼，专为儿童咀嚼能力设计，不粘牙且不易噎食，入口先是奶香的绵密，随即小麦的醇香在舌尖散开，味觉上甜度极低（一星，满五星），无添加蔗糖，仅靠奶粉自然提甜，安全健康。主要原料：高筋小麦粉、全脂奶粉、鸡蛋、橄榄油，保质期12个月，独立小包装方便携带，是儿童零食中兼具趣味性与安全性的经典款。', 10, 3);
INSERT INTO `goods` VALUES (118, '原味溶豆（酸奶味）', '/picture/34-1.jpg', '/picture/34-2.jpg', '/picture/34-3.jpg', 29.9, '酸奶味溶豆呈迷你的小颗粒状，视觉上奶白色，蓬松轻盈，造型小巧适合儿童抓握。轻捏即碎，触感绵软，听觉上无明显声响，嗅觉上浓郁的酸奶奶香，清新自然。入口即溶，无需咀嚼，先是酸奶的酸甜在舌尖化开，随即奶香回味，味觉上甜度极低（一星，满五星），无添加蔗糖，仅靠酸奶自然提味。主要原料：酸奶、奶粉、玉米淀粉、益生菌，保质期6个月，冻干工艺锁鲜，是儿童零食中适合低龄宝宝的辅食款。', 10, 3);
INSERT INTO `goods` VALUES (119, '香辣鳗鱼丝', '/picture/54-1.jpg', '/picture/54-2.jpg', '/picture/54-3.jpg', 52.9, '香辣鳗鱼丝呈红棕色，表面裹满香辣调味料，视觉上油亮诱人，丝条均匀。咬下时发出轻微的“咯吱”声，听觉上有嚼劲，嗅觉上浓郁的鳗鱼鲜香混合着辣椒的辛香，香气扑鼻。触感柔韧有嚼劲，入口先是鳗鱼的鲜甜，随即香辣味在舌尖散开，味觉上辣度适中（四星，满五星），咸香入味，鳗鱼的鲜味与辣椒的辛香融合恰到好处。主要原料：鳗鱼、辣椒面、花椒粉、食用盐，低温烘烤，保质期8个月，是海鲜零食中重口味的特色款。', 10, 5);
INSERT INTO `goods` VALUES (120, '地方特产礼盒', '/picture/72-1.jpg', '/picture/72-2.jpg', '/picture/72-3.jpg', 228.9, '地方特产礼盒外包装为地域特色设计，印有当地地标图案，视觉上极具特色，礼盒内包含本地糕点、酱菜、坚果、肉食等10款地方特产，独立包装。开启时发出礼盒丝带的轻响，听觉上有仪式感，嗅觉上混合着各类特产的独特香气，浓郁诱人。触感特产或软糯或酥脆，入口根据品类不同，或咸香或香甜，味觉上贴合当地风味，咸淡适中，风味正宗。所有特产均采用传统工艺制作，保质期6-12个月不等，是节日礼盒中极具地域特色的馈赠款。', 10, 8);
INSERT INTO `goods` VALUES (121, '奶香动物造型饼干', '/picture/33-1.jpg', '/picture/33-2.jpg', '/picture/33-3.jpg', 16.9, '这款奶香动物造型饼干采用可爱的小熊、小兔、小猫等动物模具制作，视觉上色彩柔和（无人工色素），造型萌趣十足，能瞬间吸引儿童注意力。掰开时发出轻微的“咔嚓”声，听觉上温和不刺耳，嗅觉上浓郁的奶香混合着小麦的清香，清新自然无异味。触感酥松易嚼，专为儿童咀嚼能力设计，不粘牙且不易噎食，入口先是奶香的绵密，随即小麦的醇香在舌尖散开，味觉上甜度极低（一星，满五星），无添加蔗糖，仅靠奶粉自然提甜，安全健康。主要原料：高筋小麦粉、全脂奶粉、鸡蛋、橄榄油，保质期12个月，独立小包装方便携带，是儿童零食中兼具趣味性与安全性的经典款。', 10, 3);
INSERT INTO `goods` VALUES (122, '芝士味小馒头', '/picture/38-1.jpg', '/picture/38-2.jpg', '/picture/38-3.jpg', 17.9, '芝士味小馒头呈迷你的奶黄色球状，视觉上小巧圆润，适合儿童抓握食用。咬下时发出轻微的“咔嚓”声，听觉上温和，嗅觉上浓郁的芝士香混合着奶香，醇厚不腻。触感酥松易嚼，入口即化，先是芝士的咸香在舌尖散开，随即奶香回味，味觉上咸甜适中（二星，满五星），无添加人工色素。主要原料：奶粉、芝士粉、小麦粉、鸡蛋，保质期10个月，独立小包装，是儿童零食中经典的休闲款。', 10, 3);
INSERT INTO `goods` VALUES (123, '芒果味QQ糖', '/picture/39-1.jpg', '/picture/39-2.jpg', '/picture/39-3.jpg', 15.9, '芒果味QQ糖呈芒果形状的半透明状，视觉上金黄诱人，造型逼真可爱。捏动时触感Q弹有弹性，听觉上无明显声响，嗅觉上浓郁的芒果果香，清新自然无异味。入口软糯有嚼劲，不粘牙，先是芒果的清甜在舌尖散开，随即淡淡的果酸提味，味觉上甜度适中（三星，满五星），采用天然芒果汁调色调味。主要原料：麦芽糖浆、芒果汁、明胶、柠檬酸，保质期18个月，独立包装，是儿童零食中趣味十足的糖果款。', 10, 3);
INSERT INTO `goods` VALUES (124, '鳕鱼肠（芝士味）', '/picture/40-1.jpg', '/picture/40-2.jpg', '/picture/40-3.jpg', 25.9, '芝士味鳕鱼肠呈奶白色的长条状，视觉上质地均匀，无杂质，包装上印有卡通图案，吸引儿童。咬开时发出轻微的“噗”声，听觉上柔和，嗅觉上浓郁的鳕鱼鲜香混合着芝士的咸香，醇厚不腻。触感弹嫩有嚼劲，专为儿童设计的软嫩口感，入口先是鳕鱼的鲜甜，随即芝士的咸香在口腔中散开，味觉上咸淡适中，无腥味，芝士味浓郁且自然。主要原料：鳕鱼肉（≥60%）、芝士粉、鸡蛋、食用盐，保质期9个月，独立真空包装，开袋即食，是儿童零食中补充优质蛋白的营养款。', 10, 3);
INSERT INTO `goods` VALUES (125, '南瓜味米饼', '/picture/41-1.jpg', '/picture/41-2.jpg', '/picture/41-3.jpg', 19.9, '南瓜味米饼呈淡黄色，视觉上有南瓜泥的自然色泽，造型为卡通圆形，萌趣十足。掰开时发出“咔嚓”的脆响，听觉上清脆利落，嗅觉上南瓜的香甜混合着大米的清香，清新自然。触感酥脆易嚼，入口先是南瓜的清甜，随即大米的醇香散开，味觉上甜度极低（一星，满五星），无添加蔗糖。主要原料：大米粉、南瓜泥、食用盐、植物油，保质期12个月，非油炸膨化，是儿童零食中健康清淡的休闲款。', 10, 3);
INSERT INTO `goods` VALUES (126, '原味手剥巴旦木', '/picture/42-1.jpg', '/picture/42-2.jpg', '/picture/42-3.jpg', 39.9, '原味手剥巴旦木外壳呈浅棕色，带有自然的纹理，视觉上饱满厚实，果仁呈奶白色，颗粒均匀。剥开外壳时能听到轻微的“咔嚓”声，听觉上解压，嗅觉上浓郁的巴旦木坚果原香，清淡不腻。触外壳坚硬但易剥，果仁触感饱满酥脆，入口先是坚果的醇香，随即淡淡的油脂香在舌尖散开，味觉上无额外调味（一星，满五星），仅靠巴旦木自然的咸香，越嚼越香，回甘持久。主要原料：精选巴旦木，无添加任何调味料，保质期12个月，低温烘焙锁鲜，是坚果系列中保留原味的经典款，富含优质脂肪与维生素E。', 10, 4);
INSERT INTO `goods` VALUES (127, '盐焗夏威夷果', '/picture/43-1.jpg', '/picture/43-2.jpg', '/picture/43-3.jpg', 59.9, '盐焗夏威夷果外壳呈棕褐色，带有天然的纹理，配有开果器，视觉上颗粒饱满圆润。撬开外壳时发出“啪”的轻响，听觉上满足，嗅觉上浓郁的坚果香混合着淡淡的海盐气息，咸香诱人。触感果仁绵密酥脆，入口先是海盐的咸香提味，随即夏威夷果特有的奶香在口腔中散开，味觉上咸甜平衡（二星，满五星），口感绵密且不腻，越嚼越有奶香回甘。主要原料：夏威夷果、食用海盐，低温烘焙，保质期10个月，无添加防腐剂，是坚果系列中口感绵密的高端款。', 10, 4);
INSERT INTO `goods` VALUES (128, '炭烧腰果', '/picture/44-1.jpg', '/picture/44-2.jpg', '/picture/44-3.jpg', 45.9, '炭烧腰果呈焦糖色，表面有细密的炭烧纹理，视觉上色泽诱人，颗粒饱满无碎渣。咬下时发出“咔嚓”的脆响，听觉上清脆利落，嗅觉上浓郁的炭烧香混合着腰果的坚果香，层次丰富。触感酥脆不粘牙，入口先是炭烧的焦香，随即腰果的清甜散开，味觉上咸甜适中（三星，满五星），炭烧味浓郁且不糊，回味有坚果的醇香。主要原料：腰果、白砂糖、食用盐、植物油，低温炭烧工艺，保质期11个月，是坚果系列中风味独特的热门款。', 10, 4);
INSERT INTO `goods` VALUES (129, '蜂蜜琥珀核桃仁', '/picture/45-1.jpg', '/picture/45-2.jpg', '/picture/45-3.jpg', 38.9, '蜂蜜琥珀核桃仁呈透亮的焦糖色，包裹着一层薄蜜，视觉上光泽诱人，核桃仁完整无碎。咬下时发出“咔嚓”的脆响，听觉上满足感十足，嗅觉上浓郁的蜂蜜甜香混合着核桃的坚果香，甜而不腻。触感酥脆中带着微微的粘糯，入口先是蜂蜜的清甜，随即核桃的醇香在舌尖散开，味觉上甜咸平衡（四星，满五星），蜂蜜味浓郁且不齁甜，核桃的苦涩感被中和得恰到好处。主要原料：核桃仁、蜂蜜、白砂糖、白芝麻，低温熬煮挂浆，保质期9个月，是坚果系列中甜口的经典款。', 10, 4);
INSERT INTO `goods` VALUES (130, '原味碧根果', '/picture/47-1.jpg', '/picture/47-2.jpg', '/picture/47-3.jpg', 55.9, '原味碧根果外壳呈浅棕色，带有自然的裂纹，视觉上果仁饱满，易剥取。撬开外壳时发出“啪”的轻响，听觉上满足，嗅觉上浓郁的碧根果坚果香，清淡不腻，无额外调味。触感果仁酥脆绵密，入口先是坚果的醇香，随即淡淡的油脂香在舌尖散开，味觉上无添加（一星，满五星），仅靠碧根果自然的咸香，口感绵密且回味悠长。主要原料：精选碧根果，低温烘焙，保质期12个月，是坚果系列中保留原味的高端款，富含不饱和脂肪酸。', 10, 4);
INSERT INTO `goods` VALUES (131, '香辣花生', '/picture/48-1.jpg', '/picture/48-2.jpg', '/picture/48-3.jpg', 19.9, '香辣花生呈红棕色，表面裹满香辣调味料，视觉上色泽鲜亮，颗粒饱满无瘪粒。咬下时发出“咔嚓”的脆响，听觉上清脆利落，嗅觉上浓郁的辣椒香混合着花生的烘烤香，香气扑鼻。触感酥脆不粘牙，入口先是花生的香甜，随即香辣味在舌尖散开，味觉上辣度适中（三星，满五星），咸香入味，花生的醇香与辣椒的辛香融合恰到好处。主要原料：花生、辣椒面、花椒粉、食用盐，低温烘烤，保质期10个月，是坚果系列中重口味的平价款。', 10, 4);
INSERT INTO `goods` VALUES (132, '抹茶味杏仁', '/picture/49-1.jpg', '/picture/49-2.jpg', '/picture/49-3.jpg', 42.9, '抹茶味杏仁呈淡绿色，表面均匀附着抹茶粉，视觉上清新雅致，杏仁颗粒完整。咬下时发出“咔嚓”的脆响，听觉上清脆，嗅觉上宇治抹茶的清苦香气混合着杏仁的坚果香，层次独特。触感酥脆易嚼，入口先是抹茶的清苦，随即杏仁的清甜散开，味觉上甜苦平衡（二星，满五星），抹茶味浓郁且不涩，杏仁的醇香回味持久。主要原料：杏仁、宇治抹茶粉、白砂糖、植物油，低温烘焙，保质期9个月，是坚果系列中风味新颖的特色款。', 10, 4);
INSERT INTO `goods` VALUES (133, '盐焗开心果', '/picture/50-1.jpg', '/picture/50-2.jpg', '/picture/50-3.jpg', 68.9, '盐焗开心果外壳呈淡绿色，开口率≥95%，视觉上颗粒饱满，果仁呈翠绿色。剥开外壳时发出轻微的“咯吱”声，听觉上解压，嗅觉上淡淡的海盐香混合着开心果的坚果香，清新自然。触感果仁酥脆有嚼劲，入口先是海盐的咸香提味，随即开心果的清甜散开，味觉上咸淡适中（一星，满五星），无添加人工调味，保留开心果的自然风味。主要原料：开心果、食用海盐，低温烘焙，保质期11个月，是坚果系列中健康轻盐的高端款。', 10, 4);
INSERT INTO `goods` VALUES (134, '椰香腰果', '/picture/51-1.jpg', '/picture/51-2.jpg', '/picture/51-3.jpg', 48.9, '椰香腰果呈奶白色，表面裹满椰蓉，视觉上蓬松诱人，颗粒饱满。咬下时发出“咔嚓”的脆响，听觉上满足，嗅觉上浓郁的椰香混合着腰果的坚果香，清新不腻。触感酥脆中带着椰蓉的绵软，入口先是椰蓉的香甜，随即腰果的醇香散开，味觉上甜而不腻（三星，满五星），椰香浓郁且持久，腰果的口感丰富有层次。主要原料：腰果、椰蓉、白砂糖、黄油，低温烘焙，保质期10个月，是坚果系列中甜口的特色款。', 10, 4);
INSERT INTO `goods` VALUES (135, '椒盐核桃', '/picture/52-1.jpg', '/picture/52-2.jpg', '/picture/52-3.jpg', 29.9, '椒盐核桃外壳呈深棕色，带有椒盐的均匀附着，视觉上纹理清晰，易剥开。撬开外壳时发出“啪”的轻响，听觉上解压，嗅觉上椒盐的咸香混合着核桃的坚果香，咸香入味。触感果仁酥脆有嚼劲，入口先是椒盐的咸香，随即核桃的醇香散开，味觉上咸淡适中（二星，满五星），椒盐味掩盖了核桃的苦涩，口感更易接受。主要原料：核桃、椒盐粉、食用盐，低温烘焙，保质期12个月，是坚果系列中平价且风味佳的经典款。', 10, 4);
INSERT INTO `goods` VALUES (136, '原味碳烤鱿鱼丝', '/picture/53-1.jpg', '/picture/53-2.jpg', '/picture/53-3.jpg', 45.9, '原味碳烤鱿鱼丝呈深棕色，纹理清晰，视觉上丝丝分明，无碎渣。撕扯时能听到轻微的“嘶啦”声，听觉上有嚼劲，嗅觉上浓郁的碳烤鱿鱼香，混合着淡淡的海鲜咸香，无腥味。触感柔韧有嚼劲，不粘牙，入口先是鱿鱼的鲜甜，随即碳烤的焦香在舌尖散开，味觉上咸淡适中（二星，满五星），无添加人工香精，仅靠鱿鱼本身的鲜味提味，越嚼越有海鲜的回甘。主要原料：新鲜鱿鱼、食用盐、白砂糖，碳烤工艺锁鲜，保质期9个月，独立真空包装，是海鲜零食中经典的手撕休闲款。', 10, 5);
INSERT INTO `goods` VALUES (137, '香辣鳗鱼丝', '/picture/54-1.jpg', '/picture/54-2.jpg', '/picture/54-3.jpg', 52.9, '香辣鳗鱼丝呈红棕色，表面裹满香辣调味料，视觉上油亮诱人，丝条均匀。咬下时发出轻微的“咯吱”声，听觉上有嚼劲，嗅觉上浓郁的鳗鱼鲜香混合着辣椒的辛香，香气扑鼻。触感柔韧有嚼劲，入口先是鳗鱼的鲜甜，随即香辣味在舌尖散开，味觉上辣度适中（四星，满五星），咸香入味，鳗鱼的鲜味与辣椒的辛香融合恰到好处。主要原料：鳗鱼、辣椒面、花椒粉、食用盐，低温烘烤，保质期8个月，是海鲜零食中重口味的特色款。', 10, 5);
INSERT INTO `goods` VALUES (138, '原味即食烤虾', '/picture/55-1.jpg', '/picture/55-2.jpg', '/picture/55-3.jpg', 68.9, '原味即食烤虾呈淡红色，视觉上虾身完整，个头均匀，肉质紧实。咬开时发出“咔嚓”的脆响（虾壳），听觉上满足，嗅觉上浓郁的鲜虾烘烤香，清新无腥味。触感虾壳酥脆，虾肉紧实有嚼劲，入口先是虾壳的咸香，随即虾肉的鲜甜散开，味觉上咸淡适中（一星，满五星），无添加人工调味，保留鲜虾的自然风味。主要原料：新鲜海虾、食用盐，低温碳烤，保质期10个月，独立包装，是海鲜零食中高蛋白的健康款。', 10, 5);
INSERT INTO `goods` VALUES (139, '烧烤味鱿鱼须', '/picture/56-1.jpg', '/picture/56-2.jpg', '/picture/56-3.jpg', 49.9, '烧烤味鱿鱼须呈深棕色，表面裹满烧烤调味料，视觉上须足完整，无断节。咬下时发出轻微的“咯吱”声，听觉上有嚼劲，嗅觉上浓郁的烧烤香料香混合着鱿鱼的鲜香，层次丰富。触感柔韧有嚼劲，不塞牙，入口先是鱿鱼的鲜甜，随即烧烤料的咸香与微辣在舌尖散开，味觉上咸甜辣平衡（三星，满五星），烧烤味浓郁且不掩盖鱿鱼的鲜味。主要原料：鱿鱼须、烧烤调味料、食用盐、白砂糖，碳烤工艺，保质期8个月，是海鲜零食中风味浓郁的热门款。', 10, 5);
INSERT INTO `goods` VALUES (140, '泡椒味鱼皮', '/picture/57-1.jpg', '/picture/57-2.jpg', '/picture/57-3.jpg', 38.9, '泡椒味鱼皮呈淡黄色，点缀着泡椒的红色，视觉上色泽鲜亮，鱼皮完整。咬下时发出“咔嚓”的脆响，听觉上清脆利落，嗅觉上泡椒的酸辣香混合着鱼皮的鲜香，独特诱人。触感酥脆不粘牙，入口先是泡椒的酸辣，随即鱼皮的鲜香散开，味觉上酸辣适中（四星，满五星），鱼皮的酥脆与泡椒的酸爽融合，越嚼越香。主要原料：鱼皮、泡椒、食用盐、白醋，低温油炸（控油），保质期9个月，是海鲜零食中酸辣风味的小众款。', 10, 5);
INSERT INTO `goods` VALUES (141, '原味银鱼仔', '/picture/58-1.jpg', '/picture/58-2.jpg', '/picture/58-3.jpg', 42.9, '原味银鱼仔呈银白色，视觉上体型小巧均匀，无杂质。咬下时发出轻微的“咯吱”声，听觉上有嚼劲，嗅觉上浓郁的银鱼鲜香，混合着淡淡的海盐香，清新自然。触感柔韧有嚼劲，入口先是银鱼的鲜甜，随即海盐的咸香提味，味觉上咸淡适中（一星，满五星），无添加人工香精，保留银鱼的自然风味。主要原料：银鱼、食用盐、白砂糖，低温烘烤，保质期10个月，独立小包装，是海鲜零食中便携的休闲款。', 10, 5);
INSERT INTO `goods` VALUES (142, '麻辣味花蛤肉', '/picture/59-1.jpg', '/picture/59-2.jpg', '/picture/59-3.jpg', 55.9, '麻辣味花蛤肉呈红棕色，表面裹满麻辣调味料，视觉上肉质饱满，无沙粒。咬下时发出轻微的“咯吱”声，听觉上有嚼劲，嗅觉上浓郁的麻辣香混合着花蛤的鲜香，香气扑鼻。触感肉质紧实有嚼劲，入口先是花蛤的鲜甜，随即麻辣味在舌尖散开，味觉上麻辣适中（五星，满五星），咸香入味，花蛤的鲜味与麻辣味融合恰到好处。主要原料：花蛤肉、辣椒面、花椒粉、食用盐，高温灭菌，保质期12个月，罐装密封，是海鲜零食中重口味的下酒菜。', 10, 5);
INSERT INTO `goods` VALUES (143, '芝士味鳕鱼粒', '/picture/60-1.jpg', '/picture/60-2.jpg', '/picture/60-3.jpg', 62.9, '芝士味鳕鱼粒呈奶白色，表面有芝士粉的均匀附着，视觉上颗粒饱满，质地细腻。咬下时发出轻微的“噗”声，听觉上柔和，嗅觉上浓郁的芝士香混合着鳕鱼的鲜香，醇厚诱人。触感绵软有嚼劲，入口先是芝士的咸香，随即鳕鱼的鲜甜散开，味觉上咸甜平衡（二星，满五星），芝士味浓郁且不腻，鳕鱼的口感绵密。主要原料：鳕鱼肉、芝士粉、鸡蛋、食用盐，低温烘烤，保质期8个月，是海鲜零食中适合儿童的营养款。', 10, 5);
INSERT INTO `goods` VALUES (144, '盐焗味蛏子干', '/picture/62-1.jpg', '/picture/62-2.jpg', '/picture/62-3.jpg', 72.9, '盐焗味蛏子干呈淡黄色，视觉上肉质饱满，无沙无杂质。咬下时发出轻微的“咯吱”声，听觉上有嚼劲，嗅觉上淡淡的海盐香混合着蛏子的鲜香，清新自然。触感肉质紧实有嚼劲，入口先是海盐的咸香，随即蛏子的鲜甜散开，味觉上咸淡适中（一星，满五星），无添加人工调味，保留蛏子的自然风味。主要原料：蛏子、食用海盐，低温盐焗，保质期12个月，是海鲜零食中高端的干货款。', 10, 5);
INSERT INTO `goods` VALUES (145, '蔓越莓软心饼干', '/picture/63-1.jpg', '/picture/63-2.jpg', '/picture/63-3.jpg', 18.9, '蔓越莓软心饼干外皮呈浅焦糖色，能看到暗红的蔓越莓果干嵌在其中，视觉上诱人十足。咬开时没有清脆声响，而是略带软糯的质感，嗅觉上蔓越莓的酸甜果香混合着黄油香气，清新不腻。触感外皮微酥，内芯软糯，入口先是黄油饼干的绵密，随即蔓越莓的酸甜在口腔中迸发，果干的嚼劲与饼干的软嫩融合，味觉上甜中带酸，层次丰富。主要原料：蔓越莓干、黄油、低筋面粉、糖粉，甜度：四星（满五星），保质期8个月，果干含量≥20%，是饼干系列中软心口感的代表，适合喜欢酸甜风味的人群。', 10, 1);
INSERT INTO `goods` VALUES (146, '阖家欢乐坚果礼盒', '/picture/64-1.jpg', '/picture/64-2.jpg', '/picture/64-3.jpg', 198.9, '阖家欢乐坚果礼盒外包装为中国红主色调，搭配金色祥云图案，视觉上喜庆大气，礼盒内包含巴旦木、夏威夷果、腰果、开心果、碧根果等8款坚果，独立罐装。开启礼盒时能听到礼盒盖的“啪”声，听觉上有仪式感，嗅觉上混合着各类坚果的醇香，浓郁不腻。触感礼盒质感厚实，坚果罐密封严实，每款坚果颗粒饱满酥脆，入口根据品类不同，或清甜或咸香，味觉上覆盖甜、咸、原味等多种风味，满足不同口味需求。所有坚果均采用低温烘焙工艺，无添加防腐剂，保质期12个月，是节日礼盒中经典的阖家分享款，适合春节、中秋等传统节日馈赠。', 10, 8);
INSERT INTO `goods` VALUES (147, '缤纷果干礼盒', '/picture/65-1.jpg', '/picture/65-2.jpg', '/picture/65-3.jpg', 168.9, '缤纷果干礼盒外包装为多彩渐变设计，视觉上活泼亮眼，礼盒内包含葡萄干、蔓越莓干、芒果干、草莓干、黄桃干等10款果干，独立小包装。开启时发出礼盒丝带的“嘶啦”声，听觉上有仪式感，嗅觉上混合着各类水果的香甜，清新自然。触感果干肉质饱满，软糯有嚼劲，入口根据品类不同，或酸甜或清甜，味觉上无添加人工香精，仅靠水果自然提味，甜度适中（二星至四星，满五星）。所有果干均采用冻干锁鲜工艺，保质期18个月，是节日礼盒中适合儿童与女性的清甜款。', 10, 8);
INSERT INTO `goods` VALUES (148, '年味肉食礼盒', '/picture/66-1.jpg', '/picture/66-2.jpg', '/picture/66-3.jpg', 258.9, '年味肉食礼盒外包装为复古国潮设计，视觉上年味十足，礼盒内包含酱牛肉、卤猪蹄、烤肠、熏鸡、香辣鸭脖等8款肉食，真空独立包装。开启时能听到真空包装的“啪”声，听觉上解压，嗅觉上混合着卤香、烤香等多种肉食香气，浓郁诱人。触感肉食肉质紧实，或酥烂或有嚼劲，入口根据品类不同，或咸香或麻辣，味觉上咸淡适中，风味浓郁且不腻。所有肉食均采用高温灭菌工艺，保质期9个月，是节日礼盒中适合家庭聚餐的硬菜款。', 10, 8);
INSERT INTO `goods` VALUES (149, '茶点饼干礼盒', '/picture/67-1.jpg', '/picture/67-2.jpg', '/picture/67-3.jpg', 158.9, '茶点饼干礼盒外包装为新中式设计，搭配水墨山水图案，视觉上雅致大气，礼盒内包含黄油曲奇、抹茶饼干、椰香薄脆、香葱苏打等10款饼干，独立小包装。开启时发出礼盒盖的轻响，听觉上温和，嗅觉上混合着黄油、奶香、茶香等多种香气，清新不腻。触感饼干或酥松或薄脆，入口根据品类不同，或香甜或咸香，味觉上甜度覆盖一星至四星（满五星），满足不同茶点需求。所有饼干均采用低温烘烤工艺，保质期10个月，是节日礼盒中适合品茶搭配的雅致款。', 10, 8);
INSERT INTO `goods` VALUES (150, '南瓜味米饼', '/picture/41-1.jpg', '/picture/41-2.jpg', '/picture/41-3.jpg', 19.9, '南瓜味米饼呈淡黄色，视觉上有南瓜泥的自然色泽，造型为卡通圆形，萌趣十足。掰开时发出“咔嚓”的脆响，听觉上清脆利落，嗅觉上南瓜的香甜混合着大米的清香，清新自然。触感酥脆易嚼，入口先是南瓜的清甜，随即大米的醇香散开，味觉上甜度极低（一星，满五星），无添加蔗糖。主要原料：大米粉、南瓜泥、食用盐、植物油，保质期12个月，非油炸膨化，是儿童零食中健康清淡的休闲款。', 10, 3);
INSERT INTO `goods` VALUES (151, '海鲜臻品礼盒', '/picture/69-1.jpg', '/picture/69-2.jpg', '/picture/69-3.jpg', 298.9, '海鲜臻品礼盒外包装为深海蓝主色调，视觉上高端大气，礼盒内包含烤虾、鱿鱼丝、鳗鱼丝、花蛤肉等8款海鲜零食，独立真空包装。开启时能听到真空包装的轻响，听觉上有质感，嗅觉上混合着海鲜的鲜香与烘烤香，清新无腥味。触感海鲜零食或柔韧或酥脆，入口根据品类不同，或鲜甜或麻辣，味觉上咸淡适中，保留海鲜的自然风味。所有海鲜均采用低温碳烤或高温灭菌工艺，保质期8-12个月不等，是节日礼盒中高端的海鲜特色款。', 10, 8);
INSERT INTO `goods` VALUES (152, '五谷杂粮礼盒', '/picture/70-1.jpg', '/picture/70-2.jpg', '/picture/70-3.jpg', 148.9, '五谷杂粮礼盒外包装为自然米色主色调，搭配谷物图案，视觉上健康质朴，礼盒内包含大米、小米、黑米、红豆、薏米等10款杂粮，独立密封罐装。开启时发出罐盖的“啪”声，听觉上解压，嗅觉上混合着各类谷物的清香，自然无异味。触感杂粮颗粒饱满，质地干燥，烹饪后口感或软糯或有嚼劲，入口根据品类不同，或清甜或清淡，味觉上无额外调味，保留谷物的自然风味。所有杂粮均无添加防腐剂，保质期18个月，是节日礼盒中适合馈赠长辈的健康款。', 10, 8);
INSERT INTO `goods` VALUES (153, '地方特产礼盒', '/picture/72-1.jpg', '/picture/72-2.jpg', '/picture/72-3.jpg', 228.9, '地方特产礼盒外包装为地域特色设计，印有当地地标图案，视觉上极具特色，礼盒内包含本地糕点、酱菜、坚果、肉食等10款地方特产，独立包装。开启时发出礼盒丝带的轻响，听觉上有仪式感，嗅觉上混合着各类特产的独特香气，浓郁诱人。触感特产或软糯或酥脆，入口根据品类不同，或咸香或香甜，味觉上贴合当地风味，咸淡适中，风味正宗。所有特产均采用传统工艺制作，保质期6-12个月不等，是节日礼盒中极具地域特色的馈赠款。', 10, 8);
INSERT INTO `goods` VALUES (154, '低糖健康礼盒', '/picture/73-1.jpg', '/picture/73-2.jpg', '/picture/73-3.jpg', 188.9, '低糖健康礼盒外包装为清新绿色主色调，视觉上健康自然，礼盒内包含无糖饼干、低糖坚果、无糖酸奶溶豆、杂粮脆片等10款低糖零食，独立包装。开启时发出礼盒盖的轻响，听觉上温和，嗅觉上混合着谷物香、奶香等清淡香气，无甜腻味。触感零食或酥松或酥脆，入口根据品类不同，或清淡或微甜，味觉上甜度均≤一星（满五星），无添加蔗糖。所有零食均采用健康工艺制作，保质期8-12个月不等，是节日礼盒中适合控糖人群的健康款。', 10, 8);
INSERT INTO `goods` VALUES (155, '环球零食礼盒', '/picture/74-1.jpg', '/picture/74-2.jpg', '/picture/74-3.jpg', 288.9, '环球零食礼盒外包装为多国风情设计，视觉上时尚大气，礼盒内包含进口饼干、巧克力、坚果、果干等12款全球特色零食，独立包装。开启时发出礼盒丝带的轻响，听觉上有仪式感，嗅觉上混合着各国零食的独特香气，层次丰富。触感零食或酥松或绵密，入口根据品类不同，或甜香或咸香，味觉上覆盖不同国家的风味特色，甜度与咸度适中。所有零食均为正规进口，保质期6-12个月不等，是节日礼盒中适合年轻群体的时尚款。', 10, 8);
INSERT INTO `goods` VALUES (156, '进口黑金松露巧克力', '/picture/75-1.jpg', '/picture/75-2.jpg', '/picture/75-3.jpg', 198.9, '进口黑金松露巧克力呈深棕色的球形，表面裹有可可粉，视觉上哑光高级，单颗独立金箔包装。掰开时能听到巧克力脆皮的轻微脆响，听觉上柔和，嗅觉上浓郁的黑松露香气混合着可可的醇香，层次丰富且不腻。触感应指即融，内芯绵密丝滑，入口先是可可的微苦，随即黑松露的独特香气在口腔中散开，味觉上甜苦平衡（三星，满五星），可可含量≥70%，无添加代可可脂，回味悠长且有松露的独特回甘。主要原料：进口可可液块、黑松露粉、淡奶油，冷链运输保鲜，保质期6个月，是高端零食中巧克力控的奢享款。', 10, 11);
INSERT INTO `goods` VALUES (157, '特级冻干榴莲干', '/picture/76-1.jpg', '/picture/76-2.jpg', '/picture/76-3.jpg', 168.9, '特级冻干榴莲干采用泰国金枕榴莲制作，呈淡黄色，视觉上果肉纹理清晰，无碎渣。咬下时发出“咔嚓”的脆响，听觉上清脆利落，嗅觉上浓郁的榴莲果香，纯正且无香精味。触感酥脆易嚼，入口即化，先是榴莲的香甜在舌尖散开，随即淡淡的奶香回味，味觉上甜而不腻（四星，满五星），冻干工艺保留90%以上榴莲营养，无添加蔗糖。主要原料：泰国金枕榴莲果肉，冻干锁鲜工艺，保质期12个月，独立密封包装，是高端零食中榴莲爱好者的必选款。', 10, 11);
INSERT INTO `goods` VALUES (158, '顶级鱼子酱薯片', '/picture/77-1.jpg', '/picture/77-2.jpg', '/picture/77-3.jpg', 228.9, '顶级鱼子酱薯片呈薄透的淡黄色，表面均匀附着鱼子酱与芝士粉，视觉上质感十足，单片独立包装。咬下时发出“啪”的清脆声响，听觉上解压，嗅觉上浓郁的鱼子酱咸香混合着芝士的奶香，醇厚诱人。触感薄脆易嚼，入口即化，先是鱼子酱的咸鲜在舌尖散开，随即芝士的醇香回味，味觉上咸甜平衡（二星，满五星），薯片采用非转基因马铃薯制作，无添加人工色素。主要原料：马铃薯片、鱼子酱、芝士粉、黄油，低温烘烤工艺，保质期8个月，是高端零食中轻奢的休闲款。', 10, 11);
INSERT INTO `goods` VALUES (159, '精选松茸坚果混合装', '/picture/78-1.jpg', '/picture/78-2.jpg', '/picture/78-3.jpg', 258.9, '精选松茸坚果混合装包含松茸碎、夏威夷果、碧根果、开心果等高端坚果，视觉上颗粒饱满，配色自然。混合时能听到坚果碰撞的轻微声响，听觉上解压，嗅觉上松茸的独特清香混合着坚果的醇香，层次独特。触感坚果酥脆，松茸碎绵软，入口先是坚果的醇香，随即松茸的清鲜散开，味觉上咸淡适中（一星，满五星），无添加人工调味，保留食材自然风味。主要原料：精选松茸、进口坚果，低温烘焙工艺，保质期10个月，独立小包装，是高端零食中兼具营养与口感的奢享款。', 10, 11);
INSERT INTO `goods` VALUES (160, '法式鹅肝酱饼干', '/picture/79-1.jpg', '/picture/79-2.jpg', '/picture/79-3.jpg', 188.9, '法式鹅肝酱饼干采用法式薄脆饼干搭配手工鹅肝酱，视觉上饼干金黄酥脆，鹅肝酱质地绵密。掰开饼干时发出“咔嚓”的脆响，听觉上清脆，嗅觉上鹅肝酱的浓郁醇香混合着饼干的黄油香，诱人食欲。触感饼干酥脆，鹅肝酱绵密，入口先是饼干的酥松，随即鹅肝酱的醇厚在口腔中散开，味觉上咸香适中（二星，满五星），无腥味，鹅肝酱含量≥40%。主要原料：法式薄脆饼干、新鲜鹅肝、黄油、食用盐，低温冷藏工艺，保质期6个月，是高端零食中法式风味的特色款。', 10, 11);
INSERT INTO `goods` VALUES (161, '冰岛即食海参', '/picture/80-1.jpg', '/picture/80-2.jpg', '/picture/80-3.jpg', 398.9, '冰岛即食海参呈深褐色，视觉上肉质厚实，参刺完整，独立真空包装。切开时能听到海参肉质的轻微“咯吱”声，听觉上有弹性，嗅觉上淡淡的海鲜咸香，无腥味。触感肉质Q弹有嚼劲，入口先是海参的鲜甜，随即淡淡的鲍汁提味（鲍汁款），味觉上咸淡适中（一星，满五星），无添加防腐剂，采用高温灭菌工艺锁鲜。主要原料：冰岛进口海参、鲍汁（可选），保质期12个月，开袋即食，是高端零食中滋补养生的奢享款。', 10, 11);
INSERT INTO `goods` VALUES (162, '日式和牛脆片', '/picture/81-1.jpg', '/picture/81-2.jpg', '/picture/81-3.jpg', 268.9, '日式和牛脆片采用和牛雪花部位制作，呈浅棕色，视觉上纹理清晰，薄如蝉翼。咬下时发出“咔嚓”的脆响，听觉上满足，嗅觉上和牛的醇香混合着日式照烧的甜香，浓郁不腻。触感薄脆易嚼，入口先是和牛的鲜香，随即照烧的甜咸在舌尖散开，味觉上甜咸平衡（三星，满五星），无添加人工香精，保留和牛的自然风味。主要原料：日式和牛、照烧酱、食用盐，低温烘烤工艺，保质期9个月，独立密封包装，是高端零食中肉食爱好者的必选款。', 10, 11);
INSERT INTO `goods` VALUES (163, '顶级白松露坚果酱', '/picture/82-1.jpg', '/picture/82-2.jpg', '/picture/82-3.jpg', 298.9, '顶级白松露坚果酱呈浅棕色，质地绵密，视觉上无颗粒感，玻璃罐装配金色瓶盖。搅拌时触感顺滑，听觉上无明显声响，嗅觉上白松露的独特清香混合着坚果的醇香，层次丰富。入口绵密顺滑，先是坚果的香甜在舌尖散开，随即白松露的清鲜回味，味觉上甜咸平衡（二星，满五星），可搭配面包、饼干食用，风味独特。主要原料：白松露粉、榛子仁、杏仁、黄油，低温熬煮工艺，保质期12个月，是高端零食中轻奢的佐餐款。', 10, 11);
INSERT INTO `goods` VALUES (164, '澳洲进口芒果干', '/picture/83-1.jpg', '/picture/83-2.jpg', '/picture/83-3.jpg', 158.9, '澳洲进口芒果干采用澳洲凯特芒制作，呈金黄色，视觉上果肉厚实，纹理清晰，无添加色素。咬下时发出轻微的“咯吱”声，听觉上有嚼劲，嗅觉上浓郁的芒果果香，纯正且无香精味。触感肉质饱满，软糯有嚼劲，不粘牙，入口先是芒果的清甜，随即淡淡的果酸提味，味觉上甜酸平衡（三星，满五星），无添加蔗糖，仅靠芒果自然提甜。主要原料：澳洲凯特芒果肉，冻干锁鲜工艺，保质期18个月，独立密封包装，是高端零食中果干类的奢享款。', 10, 11);
INSERT INTO `goods` VALUES (165, '奢享鱼子酱巧克力', '/picture/84-1.jpg', '/picture/84-2.jpg', '/picture/84-3.jpg', 288.9, '奢享鱼子酱巧克力呈球形，外层为黑巧克力，内芯包裹鱼子酱夹心，视觉上黑金配色，高级感十足。咬开时能听到巧克力脆皮的脆响，听觉上满足，嗅觉上黑巧克力的微苦混合着鱼子酱的咸鲜，层次独特。触感外层酥脆，内芯绵密，入口先是黑巧克力的醇厚，随即鱼子酱的咸鲜在口腔中散开，味觉上甜咸平衡（二星，满五星），可可含量≥80%，鱼子酱为进口顶级款。主要原料：进口黑巧克力、顶级鱼子酱、淡奶油，冷链保鲜，保质期6个月，是高端零食中极具特色的奢享款。', 10, 11);
INSERT INTO `goods` VALUES (166, '草莓味磨牙棒', '/picture/35-1.jpg', '/picture/35-2.jpg', '/picture/35-3.jpg', 18.9, '草莓味磨牙棒呈长条状，视觉上淡粉色（天然草莓粉调色），表面有细密的纹理，适合儿童抓握磨牙。咬嚼时发出轻微的“咯吱”声，听觉上温和，嗅觉上淡淡的草莓果香混合着小麦的清香，清新不腻。触感坚硬但不硌牙，专为出牙期宝宝设计，能缓解牙龈不适，入口先是草莓的清甜，随即小麦的醇香散开，味觉上甜度极低（一星，满五星），无添加香精色素。主要原料：小麦粉、草莓粉、奶粉、橄榄油，保质期12个月，独立包装，干净卫生，是儿童零食中针对性的磨牙款。', 10, 3);
INSERT INTO `goods` VALUES (167, '咖啡伴侣礼盒', '/picture/71-1.jpg', '/picture/71-2.jpg', '/picture/71-3.jpg', 178.9, '咖啡伴侣礼盒外包装为简约轻奢设计，视觉上高级感十足，礼盒内包含各类口味曲奇、焦糖饼干、坚果仁、巧克力等8款搭配咖啡的零食，独立小包装。开启时发出礼盒盖的轻响，听觉上温和，嗅觉上混合着咖啡香（附赠挂耳咖啡）、奶香、焦糖香等，浓郁不腻。触感零食或酥松或绵密，入口根据品类不同，或甜香或咸香，味觉上甜度覆盖二星至四星（满五星），与咖啡搭配口感互补。所有零食均采用低温工艺制作，保质期9-12个月不等，是节日礼盒中适合咖啡爱好者的轻奢款。', 10, 8);
INSERT INTO `goods` VALUES (168, '香蕉味泡芙球', '/picture/36-1.jpg', '/picture/36-2.jpg', '/picture/36-3.jpg', 22.9, '香蕉味泡芙球呈淡黄色的中空球状，视觉上小巧可爱，表面有细密的气孔，适合儿童抓食。咬开时发出“嘭”的轻响，听觉上解压有趣，嗅觉上浓郁的香蕉果香混合着奶香，清新自然。触感空心酥脆，入口即化，先是香蕉的清甜在舌尖散开，随即奶香回味，味觉上甜度适中（二星，满五星），无添加人工香精。主要原料：香蕉泥、奶粉、小麦粉、植物油，保质期8个月，非油炸工艺，是儿童零食中口感轻盈的趣味款。', 10, 3);
INSERT INTO `goods` VALUES (169, '精选羊肚菌脆片', '/picture/85-1.jpg', '/picture/85-2.jpg', '/picture/85-3.jpg', 218.9, '精选羊肚菌脆片采用云南特级羊肚菌制作，呈深褐色，视觉上菌纹清晰，完整无碎。咬下时发出“咔嚓”的脆响，听觉上清脆利落，嗅觉上羊肚菌的独特清香混合着淡淡的海盐香，清新自然。触感酥脆易嚼，入口先是羊肚菌的清鲜，随即海盐的咸香提味，味觉上咸淡适中（一星，满五星），无添加人工调味，冻干工艺保留羊肚菌营养。主要原料：云南特级羊肚菌、食用海盐，冻干工艺，保质期10个月，独立包装，是高端零食中兼具营养与口感的特色款。', 10, 11);
INSERT INTO `goods` VALUES (170, '蓝莓味果泥', '/picture/37-1.jpg', '/picture/37-2.jpg', '/picture/37-3.jpg', 21.9, '蓝莓味果泥呈深紫色的泥状，视觉上质地细腻无颗粒，包装为便携吸嘴袋，方便儿童食用。挤压时触感顺滑，听觉上无明显声响，嗅觉上浓郁的蓝莓果香，清新不刺鼻，无香精味。入口绵密顺滑，无需咀嚼，先是蓝莓的酸甜在舌尖散开，随即水果的自然清甜回味，味觉上无添加蔗糖（一星，满五星），仅靠蓝莓自然提甜。主要原料：蓝莓果肉（≥90%）、苹果泥、维生素C，保质期12个月，无防腐剂，是儿童零食中补充花青素的营养款。', 10, 3);
INSERT INTO `goods` VALUES (171, '五香开口松子', '/picture/46-1.jpg', '/picture/46-2.jpg', '/picture/46-3.jpg', 69.9, '五香开口松子外壳呈棕红色，开口均匀，视觉上颗粒饱满修长，果仁呈淡黄色。剥开外壳时发出轻微的“咯吱”声，听觉上解压，嗅觉上浓郁的五香料香混合着松子的坚果香，咸香入味。触感果仁酥脆有嚼劲，入口先是五香的咸香，随即松子的清甜散开，味觉上咸淡适中（二星，满五星），五香味浓郁且不掩盖松子本身的香气，越嚼越有回甘。主要原料：松子、五香粉、食用盐，低温烘焙，保质期8个月，无添加香精，是坚果系列中咸香风味的特色款。', 10, 4);
INSERT INTO `goods` VALUES (172, '孜然味烤鱿鱼板', '/picture/61-1.jpg', '/picture/61-2.jpg', '/picture/61-3.jpg', 47.9, '孜然味烤鱿鱼板呈深棕色，表面有孜然颗粒的均匀分布，视觉上板状完整，厚度均匀。咬下时发出轻微的“咯吱”声，听觉上有嚼劲，嗅觉上孜然的辛香混合着鱿鱼的鲜香，独特诱人。触感柔韧有嚼劲，入口先是鱿鱼的鲜甜，随即孜然的咸香在舌尖散开，味觉上咸淡适中（二星，满五星），孜然味浓郁且不掩盖鱿鱼的鲜味。主要原料：鱿鱼板、孜然粉、食用盐、白砂糖，碳烤工艺，保质期9个月，是海鲜零食中孜然风味的特色款。', 10, 5);
INSERT INTO `goods` VALUES (173, '芝士咸味饼干', '/picture/1768183025317.jpg', '/picture/1768183025334.jpg', '/picture/1768183025348.jpg', 19.9, '芝士咸味饼干呈淡黄色，表面有芝士粉的均匀附着，视觉上质感十足。轻咬时发出清脆的脆响，嗅觉上浓郁的芝士咸香混合着黄油香气，诱人食欲。触感酥脆不粘牙，入口先是芝士的咸香醇厚，随即黄油的绵密感在舌尖散开，味觉上咸度适中，还带着芝士特有的微酸回甘，层次丰富。主要原料：芝士粉、黄油、小麦粉、食用盐，甜度：一星（满五星），保质期10个月，芝士含量≥15%，是饼干系列中咸味芝士控的必选款。', 10, 1);
INSERT INTO `goods` VALUES (174, '番茄味薯片脆', '/picture/1768183053016.jpg', '/picture/1768183053030.jpg', '/picture/1768183053075.jpg', 7.9, '番茄味薯片脆呈薄透的橙红色，表面裹满番茄粉，视觉上色彩鲜亮。咬下时发出清脆的“啪”声，听觉上解压十足，嗅觉上浓郁的番茄酸甜果香混合着土豆香，清新不腻。触感薄脆易嚼，入口即化，先是番茄的酸甜在舌尖迸发，随即土豆的醇香回味，味觉上酸甜平衡，番茄味浓郁且不齁甜。主要原料：马铃薯片、番茄粉、白砂糖、食用盐，保质期10个月，薄切烘烤工艺，低脂低油，是膨化系列中经典的番茄风味款。', 11, 2);
INSERT INTO `goods` VALUES (175, '原味鲜虾片', '/picture/1768183083877.jpg', '/picture/1768183083891.jpg', '/picture/11-3.jpg', 23.9, '原味鲜虾片呈薄透的淡粉色，视觉上轻盈通透，能看到细微的虾粉颗粒。咬下时发出清脆的“啪”声，听觉上解压有趣，嗅觉上浓郁的鲜虾鲜香，清新无腥味。触感薄脆易嚼，入口即化，先是鲜虾的鲜甜在舌尖散开，随即淡淡的盐味提味，味觉上咸淡适中（一星，满五星），无添加人工香精。主要原料：虾粉（≥40%）、小麦粉、食用盐、植物油，保质期9个月，非油炸烘烤，是儿童零食中补充优质蛋白的休闲款。', 10, 3);
INSERT INTO `goods` VALUES (176, '柠檬味烤鱼片', '/picture/1768183098288.jpg', '/picture/12-2.jpg', '/picture/12-3.jpg', 44.9, '柠檬味烤鱼片呈淡黄色，视觉上质地轻薄，纹理清晰。咬下时发出轻微的“嘶啦”声，听觉上有嚼劲，嗅觉上柠檬的清香混合着鱼肉的鲜香，清新不腻。触感柔韧有嚼劲，入口先是柠檬的酸甜，随即鱼肉的鲜甜散开，味觉上酸甜平衡（二星，满五星），柠檬味掩盖了鱼肉的腥味，口感更清新。主要原料：马面鱼、柠檬汁、食用盐、白砂糖，低温烘烤，保质期10个月，是海鲜零食中清新风味的休闲款。', 10, 5);
INSERT INTO `goods` VALUES (177, '抹茶红豆夹心饼干', '/picture/1768183115678.jpg', '/picture/13-2.jpg', '/picture/13-3.jpg', 16.9, '抹茶红豆夹心饼干外层是淡绿色的抹茶饼干体，中间夹着暗红色的红豆沙夹心，视觉上配色清新雅致。掰开时能听到饼干体轻微的脆响，夹心则软糯拉丝，嗅觉上宇治抹茶的清苦香气混合着红豆的甜香，淡雅宜人。触感外层酥脆，夹心绵密，入口先是抹茶的清苦，随即红豆夹心的香甜中和苦味，味觉上甜苦平衡，还带着抹茶特有的茶韵回甘。主要原料：宇治抹茶粉、红豆沙、小麦粉、黄油，甜度：三星（满五星），保质期9个月，无人工色素，是饼干系列中兼具日式风味的特色款。', 10, 1);
INSERT INTO `goods` VALUES (178, '海盐焦糖饼干', '/picture/1768183141942.jpg', '/picture/14-2.jpg', '/picture/14-3.jpg', 14.9, '海盐焦糖饼干呈焦糖色，表面有细密的盐粒点缀，视觉上光泽诱人。轻咬时发出清脆的“咔嚓”声，嗅觉上浓郁的焦糖香气混合着淡淡的海盐气息，甜咸交织。触感酥脆易断，入口先是焦糖的焦香甜味，随即海盐的咸香在舌尖散开，中和甜腻，味觉上回味有淡淡的黄油香，层次丰富。主要原料：焦糖酱、食用海盐、小麦粉、黄油，甜度：四星（满五星），保质期10个月，采用低温烘烤工艺，是饼干系列中甜咸风味的热门款。', 10, 1);
INSERT INTO `goods` VALUES (179, '花生酱夹心饼干', '/picture/15-1.jpg', '/picture/15-2.jpg', '/picture/15-3.jpg', 13.9, '花生酱夹心饼干外层是金黄色的酥性饼干，中间夹着醇厚的花生酱夹心，视觉上饱满厚实。掰开时能听到饼干的脆响，同时花生酱夹心会微微拉丝，嗅觉上浓郁的花生烘烤香气扑面而来，醇厚不腻。触感外层酥脆，夹心绵密，入口先是饼干的酥松，随即花生酱的咸香与微甜在口腔中散开，味觉上花生味浓郁，还带着一丝烘烤的焦香。主要原料：花生酱、小麦粉、黄油、白砂糖，甜度：三星（满五星），保质期9个月，花生酱含量≥30%，是饼干系列中经典的咸甜夹心款。', 10, 1);
INSERT INTO `goods` VALUES (180, '椰香薄脆饼干', '/picture/16-1.jpg', '/picture/16-2.jpg', '/picture/16-3.jpg', 11.9, '椰香薄脆饼干呈薄透的奶白色，能看到细密的椰蓉颗粒，视觉上轻盈通透。咬下时发出清脆的“咔嚓”声，嗅觉上浓郁的椰香混合着小麦的清香，清新自然。触感薄脆易嚼，入口即化，先是椰蓉的香甜在舌尖散开，随即小麦的醇香回味，味觉上甜而不腻，椰香浓郁且持久。主要原料：椰蓉、小麦粉、黄油、椰奶，甜度：二星（满五星），保质期11个月，采用薄切烘烤工艺，是饼干系列中口感轻盈的休闲款。', 10, 1);
INSERT INTO `goods` VALUES (181, '紫薯燕麦饼干', '/picture/17-1.jpg', '/picture/17-2.jpg', '/picture/17-3.jpg', 17.9, '紫薯燕麦饼干呈淡紫色，嵌有燕麦片的颗粒，视觉上健康自然。掰开时能听到燕麦片与饼干体碰撞的轻微声响，嗅觉上紫薯的香甜混合着燕麦的谷物香气，清淡不腻。触感酥松中带着燕麦的嚼劲，入口先是紫薯的清甜，随即燕麦的谷物香在口腔中散开，味觉上低糖低脂，口感丰富，还带着一丝谷物的回甘。主要原料：紫薯泥、燕麦片、小麦粉、橄榄油，甜度：一星（满五星），保质期8个月，无添加蔗糖，是饼干系列中健康代餐的优选款。', 10, 1);
INSERT INTO `goods` VALUES (182, '黄油奶香曲奇饼干', '/picture/18-1.jpg', '/picture/18-2.jpg', '/picture/18-3.jpg', 12.9, '这款黄油奶香曲奇饼干呈诱人的金黄色，表面分布着细密的黄油颗粒，视觉上层次分明。掰开时能听到清脆的“咔嚓”声，瞬间释放出浓郁的黄油与奶香交织的醇厚香气，嗅觉上让人垂涎欲滴。触感应指即碎，酥松不粘牙，入口先是黄油的绵密醇厚，紧接着是淡淡奶香在舌尖散开，甜而不腻，尾调还带着一丝天然的香草气息，味觉体验丰富。主要原料选用新西兰黄油、高筋小麦粉、进口奶粉，甜度：三星（满五星），保质期长达12个月，独立小包装设计，无论是下午茶搭配咖啡，还是日常解馋都十分合适，是饼干系列中经典的奶香风味代表作。', 10, 1);
INSERT INTO `goods` VALUES (183, '红豆薏米饼干', '/picture/19-1.jpg', '/picture/19-2.jpg', '/picture/19-3.jpg', 15.9, '红豆薏米饼干呈浅棕色，能看到红豆与薏米的颗粒，视觉上健康质朴。掰开时发出轻微的酥响，嗅觉上红豆的香甜混合着薏米的谷物清香，淡雅宜人。触感酥松易嚼，入口先是谷物的醇香，随即红豆的清甜散开，味觉上低糖清淡，还带着薏米的微甘，饱腹感强。主要原料：红豆粉、薏米粉、小麦粉、植物油，甜度：一星（满五星），保质期9个月，无添加防腐剂，是饼干系列中主打健康养生的特色款。', 10, 1);
INSERT INTO `goods` VALUES (184, '原味空心薯笛', '/picture/20-1.jpg', '/picture/20-2.jpg', '/picture/20-3.jpg', 8.9, '原味空心薯笛呈金黄的中空管状，表面有细密的纹理，视觉上酥脆诱人。咬下时发出“咔嚓”的清脆声响，听觉上极具解压感，嗅觉上浓郁的土豆原香扑面而来，清新自然。触感空心酥脆，轻捏即碎，入口先是土豆的醇香，随即淡淡的盐味提味，味觉上咸淡适中，薯香浓郁且不油腻，越嚼越有谷物的回甘。主要原料：马铃薯粉、玉米淀粉、食用盐、棕榈油，保质期9个月，采用非油炸膨化工艺，低脂轻卡，是膨化系列中经典的原味休闲款，适合全家共享。', 10, 2);
INSERT INTO `goods` VALUES (185, '烧烤味玉米浪', '/picture/21-1.jpg', '/picture/21-2.jpg', '/picture/21-3.jpg', 9.9, '烧烤味玉米浪呈波浪形的金黄色，表面均匀附着烧烤调味料，视觉上色泽诱人。咬开时发出“咔嚓”的脆响，听觉上清脆悦耳，嗅觉上浓郁的烧烤香料香混合着玉米的清甜，层次丰富。触感波浪形的酥脆质感，入口先是玉米的香甜，随即烧烤料的咸香与微辣在舌尖散开，味觉上咸甜辣平衡，还带着一丝烟熏的香气，回味悠长。主要原料：玉米粉、烧烤调味料、植物油、白砂糖，保质期8个月，非油炸工艺，是膨化系列中风味浓郁的热门款。', 10, 2);
INSERT INTO `goods` VALUES (186, '黑巧克力榛子饼干', '/picture/22-1.jpg', '/picture/22-2.jpg', '/picture/22-3.jpg', 15.9, '黑巧克力榛子饼干通体呈深棕色调，嵌有饱满的榛子碎，视觉上极具质感。轻咬时能听到巧克力脆皮与饼干酥层碰撞的脆响，嗅觉上立刻捕捉到微苦的黑巧克力香与烘烤榛子的坚果香气，层次丰富。触感酥脆中带着榛子的微硬颗粒感，入口先是黑巧克力的微苦醇厚，随即榛子的香脆与饼干的酥松融合，甜苦平衡，味觉上回味悠长。主要原料：可可含量70%的黑巧克力、榛子仁、低筋面粉、黄油，甜度：二星（满五星），保质期10个月，不含反式脂肪酸，是饼干系列中兼具巧克力风味与坚果口感的特色款。', 10, 1);
INSERT INTO `goods` VALUES (187, '海苔味米饼', '/picture/23-1.jpg', '/picture/23-2.jpg', '/picture/23-3.jpg', 10.9, '海苔味米饼呈米白色，表面有海苔碎的均匀分布，视觉上清新素雅。掰开时发出“咔嚓”的脆响，听觉上清脆利落，嗅觉上海苔的鲜咸香气混合着大米的清香，淡雅宜人。触感酥脆中带着大米的蓬松感，入口先是大米的醇香，随即海苔的鲜咸散开，味觉上咸淡适中，还带着一丝米香的回甘，口感轻盈不腻。主要原料：大米粉、海苔碎、食用盐、植物油，保质期12个月，非油炸膨化，是膨化系列中适合儿童的清淡款。', 10, 2);
INSERT INTO `goods` VALUES (188, '香辣味虾条', '/picture/24-1.jpg', '/picture/24-2.jpg', '/picture/24-3.jpg', 11.9, '香辣味虾条呈橙红色的长条状，表面裹满香辣调味料，视觉上色泽诱人。咬下时发出“咔嚓”的脆响，听觉上极具满足感，嗅觉上浓郁的虾香混合着辣椒的辛香，香气扑鼻。触感酥脆不粘牙，入口先是鲜虾的鲜甜，随即香辣味在舌尖散开，味觉上辣度适中，咸香入味，虾味浓郁且持久。主要原料：虾粉、小麦粉、辣椒面、植物油，保质期8个月，虾粉含量≥15%，是膨化系列中重口味爱好者的优选款。', 10, 2);
INSERT INTO `goods` VALUES (189, '芝士味空心脆', '/picture/25-1.jpg', '/picture/25-2.jpg', '/picture/25-3.jpg', 13.9, '芝士味空心脆呈淡黄色的中空球状，表面有芝士粉的附着，视觉上呆萌可爱。咬开时发出“嘭”的轻响，听觉上解压有趣，嗅觉上浓郁的芝士咸香混合着奶香，醇厚诱人。触感空心酥脆，入口即碎，先是芝士的咸香在口腔中散开，随即奶香回味，味觉上咸甜平衡，芝士味浓郁且不腻。主要原料：芝士粉、小麦粉、黄油、食用盐，保质期9个月，非油炸工艺，是膨化系列中芝士控的必选款。', 10, 2);
INSERT INTO `goods` VALUES (190, '芥末味青豆脆', '/picture/26-1.jpg', '/picture/26-2.jpg', '/picture/26-3.jpg', 12.9, '芥末味青豆脆呈翠绿色，包裹着淡淡的芥末调味粉，视觉上清新亮眼。咬下时发出“咔嚓”的脆响，听觉上清脆利落，嗅觉上芥末的微辛香气混合着青豆的清香，层次独特。触感酥脆中带着青豆的颗粒感，入口先是青豆的清甜，随即芥末的微辛在舌尖散开，味觉上辛而不辣，咸香入味，越嚼越有青豆的回甘。主要原料：青豆、芥末粉、食用盐、植物油，保质期10个月，低温膨化工艺，是膨化系列中风味独特的小众款。', 10, 2);
INSERT INTO `goods` VALUES (191, '蜂蜜黄油味薯条', '/picture/27-1.jpg', '/picture/27-2.jpg', '/picture/27-3.jpg', 14.9, '蜂蜜黄油味薯条呈金黄的长条状，表面裹满蜂蜜黄油酱，视觉上光泽诱人。咬下时发出“咔嚓”的脆响，听觉上满足感十足，嗅觉上浓郁的黄油香混合着蜂蜜的甜香，甜而不腻。触感酥脆中带着微微的绵密感，入口先是黄油的醇厚，随即蜂蜜的清甜散开，味觉上甜咸平衡，黄油味浓郁且回味有奶香。主要原料：马铃薯条、黄油、蜂蜜、食用盐，保质期8个月，非油炸烘烤，是膨化系列中甜咸风味的热门款。', 10, 2);
INSERT INTO `goods` VALUES (192, '藤椒味洋芋片', '/picture/28-1.jpg', '/picture/28-2.jpg', '/picture/28-3.jpg', 10.9, '藤椒味洋芋片呈薄透的淡黄色，表面有藤椒粉的均匀附着，视觉上清爽质朴。咬下时发出“啪”的清脆声响，听觉上解压有趣，嗅觉上藤椒的麻香混合着土豆的清香，独特诱人。触感薄脆易嚼，入口先是土豆的醇香，随即藤椒的麻香在舌尖散开，味觉上麻而不苦，咸香入味，还带着一丝藤椒的清鲜。主要原料：马铃薯片、藤椒粉、食用盐、植物油，保质期9个月，薄切工艺，是膨化系列中川味特色的休闲款。', 10, 2);
INSERT INTO `goods` VALUES (193, '肉松味米卷', '/picture/29-1.jpg', '/picture/29-2.jpg', '/picture/29-3.jpg', 15.9, '肉松味米卷呈米白色的卷状，表面裹满肉松碎，视觉上饱满诱人。咬开时发出“咔嚓”的脆响，听觉上清脆利落，嗅觉上肉松的咸香混合着大米的清香，浓郁不腻。触感外层酥脆，内芯蓬松，入口先是肉松的咸香，随即大米的醇香散开，味觉上咸甜适中，肉松味浓郁且有嚼劲。主要原料：大米粉、肉松、白砂糖、食用盐，保质期12个月，非油炸膨化，是膨化系列中饱腹感强的代餐款。', 10, 2);
INSERT INTO `goods` VALUES (194, '海盐味豌豆脆', '/picture/30-1.jpg', '/picture/30-2.jpg', '/picture/30-3.jpg', 11.9, '海盐味豌豆脆呈淡绿色，表面有细密的海盐颗粒，视觉上清新自然。咬下时发出“咔嚓”的脆响，听觉上解压十足，嗅觉上豌豆的清香混合着海盐的咸香，清淡不腻。触感酥脆易嚼，入口先是豌豆的清甜，随即海盐的咸香提味，味觉上咸淡适中，豌豆味浓郁且回甘持久。主要原料：豌豆粉、食用海盐、植物油、玉米淀粉，保质期10个月，非油炸工艺，是膨化系列中健康轻卡的休闲款。', 10, 2);
INSERT INTO `goods` VALUES (195, '香葱咸味苏打饼干', '/picture/31-1.jpg', '/picture/31-2.jpg', '/picture/31-3.jpg', 9.8, '香葱咸味苏打饼干呈奶白色基底，点缀着翠绿的香葱碎，视觉上清新自然。掰开时发出“啪”的清脆声响，嗅觉上浓郁的香葱香气混合着小麦的清香扑面而来，咸香不刺鼻。触感干爽不粘手，酥松易嚼，入口先是淡淡的小麦香，紧接着香葱的鲜咸在舌尖散开，口感清爽不腻，味觉上咸度适中，还带着苏打饼干特有的微碱性回甘。主要原料：小麦粉、香葱、食用纯碱、食用盐，甜度：一星（满五星），保质期9个月，无额外添加蔗糖，适合控糖人群，是饼干系列中经典的咸味休闲款。', 10, 1);
INSERT INTO `goods` VALUES (196, '水果味星星软糖', '/picture/32-1.jpg', '/picture/32-2.jpg', '/picture/32-3.jpg', 19.9, '水果味星星软糖呈五彩的星星造型，视觉上色彩鲜艳（采用天然果蔬色素），颗颗饱满晶莹，萌趣十足。捏动时触感Q弹软糯，无硬芯，听觉上无明显声响，嗅觉上浓郁的草莓、橙子、葡萄等混合水果果香，清新不刺鼻。入口软糯有嚼劲，不粘牙，先是草莓的酸甜在舌尖散开，随即橙子的清香、葡萄的清甜依次迸发，味觉上甜度适中（二星，满五星），无添加人工香精与防腐剂。主要原料：麦芽糖浆、天然果蔬汁、明胶、维生素C，保质期18个月，每颗独立包装，干净卫生，是儿童零食中补充维生素的趣味款。', 10, 3);
INSERT INTO `goods` VALUES (197, '奶香动物造型饼干', '/picture/33-1.jpg', '/picture/33-2.jpg', '/picture/33-3.jpg', 16.9, '这款奶香动物造型饼干采用可爱的小熊、小兔、小猫等动物模具制作，视觉上色彩柔和（无人工色素），造型萌趣十足，能瞬间吸引儿童注意力。掰开时发出轻微的“咔嚓”声，听觉上温和不刺耳，嗅觉上浓郁的奶香混合着小麦的清香，清新自然无异味。触感酥松易嚼，专为儿童咀嚼能力设计，不粘牙且不易噎食，入口先是奶香的绵密，随即小麦的醇香在舌尖散开，味觉上甜度极低（一星，满五星），无添加蔗糖，仅靠奶粉自然提甜，安全健康。主要原料：高筋小麦粉、全脂奶粉、鸡蛋、橄榄油，保质期12个月，独立小包装方便携带，是儿童零食中兼具趣味性与安全性的经典款。', 10, 3);
INSERT INTO `goods` VALUES (198, '原味溶豆（酸奶味）', '/picture/34-1.jpg', '/picture/34-2.jpg', '/picture/34-3.jpg', 29.9, '酸奶味溶豆呈迷你的小颗粒状，视觉上奶白色，蓬松轻盈，造型小巧适合儿童抓握。轻捏即碎，触感绵软，听觉上无明显声响，嗅觉上浓郁的酸奶奶香，清新自然。入口即溶，无需咀嚼，先是酸奶的酸甜在舌尖化开，随即奶香回味，味觉上甜度极低（一星，满五星），无添加蔗糖，仅靠酸奶自然提味。主要原料：酸奶、奶粉、玉米淀粉、益生菌，保质期6个月，冻干工艺锁鲜，是儿童零食中适合低龄宝宝的辅食款。', 10, 3);
INSERT INTO `goods` VALUES (199, '香辣鳗鱼丝', '/picture/54-1.jpg', '/picture/54-2.jpg', '/picture/54-3.jpg', 52.9, '香辣鳗鱼丝呈红棕色，表面裹满香辣调味料，视觉上油亮诱人，丝条均匀。咬下时发出轻微的“咯吱”声，听觉上有嚼劲，嗅觉上浓郁的鳗鱼鲜香混合着辣椒的辛香，香气扑鼻。触感柔韧有嚼劲，入口先是鳗鱼的鲜甜，随即香辣味在舌尖散开，味觉上辣度适中（四星，满五星），咸香入味，鳗鱼的鲜味与辣椒的辛香融合恰到好处。主要原料：鳗鱼、辣椒面、花椒粉、食用盐，低温烘烤，保质期8个月，是海鲜零食中重口味的特色款。', 10, 5);
INSERT INTO `goods` VALUES (200, '地方特产礼盒', '/picture/72-1.jpg', '/picture/72-2.jpg', '/picture/72-3.jpg', 228.9, '地方特产礼盒外包装为地域特色设计，印有当地地标图案，视觉上极具特色，礼盒内包含本地糕点、酱菜、坚果、肉食等10款地方特产，独立包装。开启时发出礼盒丝带的轻响，听觉上有仪式感，嗅觉上混合着各类特产的独特香气，浓郁诱人。触感特产或软糯或酥脆，入口根据品类不同，或咸香或香甜，味觉上贴合当地风味，咸淡适中，风味正宗。所有特产均采用传统工艺制作，保质期6-12个月不等，是节日礼盒中极具地域特色的馈赠款。', 10, 8);
INSERT INTO `goods` VALUES (201, '奶香动物造型饼干', '/picture/33-1.jpg', '/picture/33-2.jpg', '/picture/33-3.jpg', 16.9, '这款奶香动物造型饼干采用可爱的小熊、小兔、小猫等动物模具制作，视觉上色彩柔和（无人工色素），造型萌趣十足，能瞬间吸引儿童注意力。掰开时发出轻微的“咔嚓”声，听觉上温和不刺耳，嗅觉上浓郁的奶香混合着小麦的清香，清新自然无异味。触感酥松易嚼，专为儿童咀嚼能力设计，不粘牙且不易噎食，入口先是奶香的绵密，随即小麦的醇香在舌尖散开，味觉上甜度极低（一星，满五星），无添加蔗糖，仅靠奶粉自然提甜，安全健康。主要原料：高筋小麦粉、全脂奶粉、鸡蛋、橄榄油，保质期12个月，独立小包装方便携带，是儿童零食中兼具趣味性与安全性的经典款。', 10, 3);
INSERT INTO `goods` VALUES (202, '芝士味小馒头', '/picture/38-1.jpg', '/picture/38-2.jpg', '/picture/38-3.jpg', 17.9, '芝士味小馒头呈迷你的奶黄色球状，视觉上小巧圆润，适合儿童抓握食用。咬下时发出轻微的“咔嚓”声，听觉上温和，嗅觉上浓郁的芝士香混合着奶香，醇厚不腻。触感酥松易嚼，入口即化，先是芝士的咸香在舌尖散开，随即奶香回味，味觉上咸甜适中（二星，满五星），无添加人工色素。主要原料：奶粉、芝士粉、小麦粉、鸡蛋，保质期10个月，独立小包装，是儿童零食中经典的休闲款。', 10, 3);
INSERT INTO `goods` VALUES (203, '芒果味QQ糖', '/picture/39-1.jpg', '/picture/39-2.jpg', '/picture/39-3.jpg', 15.9, '芒果味QQ糖呈芒果形状的半透明状，视觉上金黄诱人，造型逼真可爱。捏动时触感Q弹有弹性，听觉上无明显声响，嗅觉上浓郁的芒果果香，清新自然无异味。入口软糯有嚼劲，不粘牙，先是芒果的清甜在舌尖散开，随即淡淡的果酸提味，味觉上甜度适中（三星，满五星），采用天然芒果汁调色调味。主要原料：麦芽糖浆、芒果汁、明胶、柠檬酸，保质期18个月，独立包装，是儿童零食中趣味十足的糖果款。', 10, 3);
INSERT INTO `goods` VALUES (204, '鳕鱼肠（芝士味）', '/picture/40-1.jpg', '/picture/40-2.jpg', '/picture/40-3.jpg', 25.9, '芝士味鳕鱼肠呈奶白色的长条状，视觉上质地均匀，无杂质，包装上印有卡通图案，吸引儿童。咬开时发出轻微的“噗”声，听觉上柔和，嗅觉上浓郁的鳕鱼鲜香混合着芝士的咸香，醇厚不腻。触感弹嫩有嚼劲，专为儿童设计的软嫩口感，入口先是鳕鱼的鲜甜，随即芝士的咸香在口腔中散开，味觉上咸淡适中，无腥味，芝士味浓郁且自然。主要原料：鳕鱼肉（≥60%）、芝士粉、鸡蛋、食用盐，保质期9个月，独立真空包装，开袋即食，是儿童零食中补充优质蛋白的营养款。', 10, 3);
INSERT INTO `goods` VALUES (205, '南瓜味米饼', '/picture/41-1.jpg', '/picture/41-2.jpg', '/picture/41-3.jpg', 19.9, '南瓜味米饼呈淡黄色，视觉上有南瓜泥的自然色泽，造型为卡通圆形，萌趣十足。掰开时发出“咔嚓”的脆响，听觉上清脆利落，嗅觉上南瓜的香甜混合着大米的清香，清新自然。触感酥脆易嚼，入口先是南瓜的清甜，随即大米的醇香散开，味觉上甜度极低（一星，满五星），无添加蔗糖。主要原料：大米粉、南瓜泥、食用盐、植物油，保质期12个月，非油炸膨化，是儿童零食中健康清淡的休闲款。', 10, 3);
INSERT INTO `goods` VALUES (206, '原味手剥巴旦木', '/picture/42-1.jpg', '/picture/42-2.jpg', '/picture/42-3.jpg', 39.9, '原味手剥巴旦木外壳呈浅棕色，带有自然的纹理，视觉上饱满厚实，果仁呈奶白色，颗粒均匀。剥开外壳时能听到轻微的“咔嚓”声，听觉上解压，嗅觉上浓郁的巴旦木坚果原香，清淡不腻。触外壳坚硬但易剥，果仁触感饱满酥脆，入口先是坚果的醇香，随即淡淡的油脂香在舌尖散开，味觉上无额外调味（一星，满五星），仅靠巴旦木自然的咸香，越嚼越香，回甘持久。主要原料：精选巴旦木，无添加任何调味料，保质期12个月，低温烘焙锁鲜，是坚果系列中保留原味的经典款，富含优质脂肪与维生素E。', 10, 4);
INSERT INTO `goods` VALUES (207, '盐焗夏威夷果', '/picture/43-1.jpg', '/picture/43-2.jpg', '/picture/43-3.jpg', 59.9, '盐焗夏威夷果外壳呈棕褐色，带有天然的纹理，配有开果器，视觉上颗粒饱满圆润。撬开外壳时发出“啪”的轻响，听觉上满足，嗅觉上浓郁的坚果香混合着淡淡的海盐气息，咸香诱人。触感果仁绵密酥脆，入口先是海盐的咸香提味，随即夏威夷果特有的奶香在口腔中散开，味觉上咸甜平衡（二星，满五星），口感绵密且不腻，越嚼越有奶香回甘。主要原料：夏威夷果、食用海盐，低温烘焙，保质期10个月，无添加防腐剂，是坚果系列中口感绵密的高端款。', 10, 4);
INSERT INTO `goods` VALUES (208, '炭烧腰果', '/picture/44-1.jpg', '/picture/44-2.jpg', '/picture/44-3.jpg', 45.9, '炭烧腰果呈焦糖色，表面有细密的炭烧纹理，视觉上色泽诱人，颗粒饱满无碎渣。咬下时发出“咔嚓”的脆响，听觉上清脆利落，嗅觉上浓郁的炭烧香混合着腰果的坚果香，层次丰富。触感酥脆不粘牙，入口先是炭烧的焦香，随即腰果的清甜散开，味觉上咸甜适中（三星，满五星），炭烧味浓郁且不糊，回味有坚果的醇香。主要原料：腰果、白砂糖、食用盐、植物油，低温炭烧工艺，保质期11个月，是坚果系列中风味独特的热门款。', 10, 4);
INSERT INTO `goods` VALUES (209, '蜂蜜琥珀核桃仁', '/picture/45-1.jpg', '/picture/45-2.jpg', '/picture/45-3.jpg', 38.9, '蜂蜜琥珀核桃仁呈透亮的焦糖色，包裹着一层薄蜜，视觉上光泽诱人，核桃仁完整无碎。咬下时发出“咔嚓”的脆响，听觉上满足感十足，嗅觉上浓郁的蜂蜜甜香混合着核桃的坚果香，甜而不腻。触感酥脆中带着微微的粘糯，入口先是蜂蜜的清甜，随即核桃的醇香在舌尖散开，味觉上甜咸平衡（四星，满五星），蜂蜜味浓郁且不齁甜，核桃的苦涩感被中和得恰到好处。主要原料：核桃仁、蜂蜜、白砂糖、白芝麻，低温熬煮挂浆，保质期9个月，是坚果系列中甜口的经典款。', 10, 4);
INSERT INTO `goods` VALUES (210, '原味碧根果', '/picture/47-1.jpg', '/picture/47-2.jpg', '/picture/47-3.jpg', 55.9, '原味碧根果外壳呈浅棕色，带有自然的裂纹，视觉上果仁饱满，易剥取。撬开外壳时发出“啪”的轻响，听觉上满足，嗅觉上浓郁的碧根果坚果香，清淡不腻，无额外调味。触感果仁酥脆绵密，入口先是坚果的醇香，随即淡淡的油脂香在舌尖散开，味觉上无添加（一星，满五星），仅靠碧根果自然的咸香，口感绵密且回味悠长。主要原料：精选碧根果，低温烘焙，保质期12个月，是坚果系列中保留原味的高端款，富含不饱和脂肪酸。', 10, 4);
INSERT INTO `goods` VALUES (211, '香辣花生', '/picture/48-1.jpg', '/picture/48-2.jpg', '/picture/48-3.jpg', 19.9, '香辣花生呈红棕色，表面裹满香辣调味料，视觉上色泽鲜亮，颗粒饱满无瘪粒。咬下时发出“咔嚓”的脆响，听觉上清脆利落，嗅觉上浓郁的辣椒香混合着花生的烘烤香，香气扑鼻。触感酥脆不粘牙，入口先是花生的香甜，随即香辣味在舌尖散开，味觉上辣度适中（三星，满五星），咸香入味，花生的醇香与辣椒的辛香融合恰到好处。主要原料：花生、辣椒面、花椒粉、食用盐，低温烘烤，保质期10个月，是坚果系列中重口味的平价款。', 10, 4);
INSERT INTO `goods` VALUES (212, '抹茶味杏仁', '/picture/49-1.jpg', '/picture/49-2.jpg', '/picture/49-3.jpg', 42.9, '抹茶味杏仁呈淡绿色，表面均匀附着抹茶粉，视觉上清新雅致，杏仁颗粒完整。咬下时发出“咔嚓”的脆响，听觉上清脆，嗅觉上宇治抹茶的清苦香气混合着杏仁的坚果香，层次独特。触感酥脆易嚼，入口先是抹茶的清苦，随即杏仁的清甜散开，味觉上甜苦平衡（二星，满五星），抹茶味浓郁且不涩，杏仁的醇香回味持久。主要原料：杏仁、宇治抹茶粉、白砂糖、植物油，低温烘焙，保质期9个月，是坚果系列中风味新颖的特色款。', 10, 4);
INSERT INTO `goods` VALUES (213, '盐焗开心果', '/picture/50-1.jpg', '/picture/50-2.jpg', '/picture/50-3.jpg', 68.9, '盐焗开心果外壳呈淡绿色，开口率≥95%，视觉上颗粒饱满，果仁呈翠绿色。剥开外壳时发出轻微的“咯吱”声，听觉上解压，嗅觉上淡淡的海盐香混合着开心果的坚果香，清新自然。触感果仁酥脆有嚼劲，入口先是海盐的咸香提味，随即开心果的清甜散开，味觉上咸淡适中（一星，满五星），无添加人工调味，保留开心果的自然风味。主要原料：开心果、食用海盐，低温烘焙，保质期11个月，是坚果系列中健康轻盐的高端款。', 10, 4);
INSERT INTO `goods` VALUES (214, '椰香腰果', '/picture/51-1.jpg', '/picture/51-2.jpg', '/picture/51-3.jpg', 48.9, '椰香腰果呈奶白色，表面裹满椰蓉，视觉上蓬松诱人，颗粒饱满。咬下时发出“咔嚓”的脆响，听觉上满足，嗅觉上浓郁的椰香混合着腰果的坚果香，清新不腻。触感酥脆中带着椰蓉的绵软，入口先是椰蓉的香甜，随即腰果的醇香散开，味觉上甜而不腻（三星，满五星），椰香浓郁且持久，腰果的口感丰富有层次。主要原料：腰果、椰蓉、白砂糖、黄油，低温烘焙，保质期10个月，是坚果系列中甜口的特色款。', 10, 4);
INSERT INTO `goods` VALUES (215, '椒盐核桃', '/picture/52-1.jpg', '/picture/52-2.jpg', '/picture/52-3.jpg', 29.9, '椒盐核桃外壳呈深棕色，带有椒盐的均匀附着，视觉上纹理清晰，易剥开。撬开外壳时发出“啪”的轻响，听觉上解压，嗅觉上椒盐的咸香混合着核桃的坚果香，咸香入味。触感果仁酥脆有嚼劲，入口先是椒盐的咸香，随即核桃的醇香散开，味觉上咸淡适中（二星，满五星），椒盐味掩盖了核桃的苦涩，口感更易接受。主要原料：核桃、椒盐粉、食用盐，低温烘焙，保质期12个月，是坚果系列中平价且风味佳的经典款。', 10, 4);
INSERT INTO `goods` VALUES (216, '原味碳烤鱿鱼丝', '/picture/53-1.jpg', '/picture/53-2.jpg', '/picture/53-3.jpg', 45.9, '原味碳烤鱿鱼丝呈深棕色，纹理清晰，视觉上丝丝分明，无碎渣。撕扯时能听到轻微的“嘶啦”声，听觉上有嚼劲，嗅觉上浓郁的碳烤鱿鱼香，混合着淡淡的海鲜咸香，无腥味。触感柔韧有嚼劲，不粘牙，入口先是鱿鱼的鲜甜，随即碳烤的焦香在舌尖散开，味觉上咸淡适中（二星，满五星），无添加人工香精，仅靠鱿鱼本身的鲜味提味，越嚼越有海鲜的回甘。主要原料：新鲜鱿鱼、食用盐、白砂糖，碳烤工艺锁鲜，保质期9个月，独立真空包装，是海鲜零食中经典的手撕休闲款。', 10, 5);
INSERT INTO `goods` VALUES (217, '香辣鳗鱼丝', '/picture/54-1.jpg', '/picture/54-2.jpg', '/picture/54-3.jpg', 52.9, '香辣鳗鱼丝呈红棕色，表面裹满香辣调味料，视觉上油亮诱人，丝条均匀。咬下时发出轻微的“咯吱”声，听觉上有嚼劲，嗅觉上浓郁的鳗鱼鲜香混合着辣椒的辛香，香气扑鼻。触感柔韧有嚼劲，入口先是鳗鱼的鲜甜，随即香辣味在舌尖散开，味觉上辣度适中（四星，满五星），咸香入味，鳗鱼的鲜味与辣椒的辛香融合恰到好处。主要原料：鳗鱼、辣椒面、花椒粉、食用盐，低温烘烤，保质期8个月，是海鲜零食中重口味的特色款。', 10, 5);
INSERT INTO `goods` VALUES (218, '原味即食烤虾', '/picture/55-1.jpg', '/picture/55-2.jpg', '/picture/55-3.jpg', 68.9, '原味即食烤虾呈淡红色，视觉上虾身完整，个头均匀，肉质紧实。咬开时发出“咔嚓”的脆响（虾壳），听觉上满足，嗅觉上浓郁的鲜虾烘烤香，清新无腥味。触感虾壳酥脆，虾肉紧实有嚼劲，入口先是虾壳的咸香，随即虾肉的鲜甜散开，味觉上咸淡适中（一星，满五星），无添加人工调味，保留鲜虾的自然风味。主要原料：新鲜海虾、食用盐，低温碳烤，保质期10个月，独立包装，是海鲜零食中高蛋白的健康款。', 10, 5);
INSERT INTO `goods` VALUES (219, '烧烤味鱿鱼须', '/picture/56-1.jpg', '/picture/56-2.jpg', '/picture/56-3.jpg', 49.9, '烧烤味鱿鱼须呈深棕色，表面裹满烧烤调味料，视觉上须足完整，无断节。咬下时发出轻微的“咯吱”声，听觉上有嚼劲，嗅觉上浓郁的烧烤香料香混合着鱿鱼的鲜香，层次丰富。触感柔韧有嚼劲，不塞牙，入口先是鱿鱼的鲜甜，随即烧烤料的咸香与微辣在舌尖散开，味觉上咸甜辣平衡（三星，满五星），烧烤味浓郁且不掩盖鱿鱼的鲜味。主要原料：鱿鱼须、烧烤调味料、食用盐、白砂糖，碳烤工艺，保质期8个月，是海鲜零食中风味浓郁的热门款。', 10, 5);
INSERT INTO `goods` VALUES (220, '泡椒味鱼皮', '/picture/57-1.jpg', '/picture/57-2.jpg', '/picture/57-3.jpg', 38.9, '泡椒味鱼皮呈淡黄色，点缀着泡椒的红色，视觉上色泽鲜亮，鱼皮完整。咬下时发出“咔嚓”的脆响，听觉上清脆利落，嗅觉上泡椒的酸辣香混合着鱼皮的鲜香，独特诱人。触感酥脆不粘牙，入口先是泡椒的酸辣，随即鱼皮的鲜香散开，味觉上酸辣适中（四星，满五星），鱼皮的酥脆与泡椒的酸爽融合，越嚼越香。主要原料：鱼皮、泡椒、食用盐、白醋，低温油炸（控油），保质期9个月，是海鲜零食中酸辣风味的小众款。', 10, 5);
INSERT INTO `goods` VALUES (221, '原味银鱼仔', '/picture/58-1.jpg', '/picture/58-2.jpg', '/picture/58-3.jpg', 42.9, '原味银鱼仔呈银白色，视觉上体型小巧均匀，无杂质。咬下时发出轻微的“咯吱”声，听觉上有嚼劲，嗅觉上浓郁的银鱼鲜香，混合着淡淡的海盐香，清新自然。触感柔韧有嚼劲，入口先是银鱼的鲜甜，随即海盐的咸香提味，味觉上咸淡适中（一星，满五星），无添加人工香精，保留银鱼的自然风味。主要原料：银鱼、食用盐、白砂糖，低温烘烤，保质期10个月，独立小包装，是海鲜零食中便携的休闲款。', 10, 5);
INSERT INTO `goods` VALUES (222, '麻辣味花蛤肉', '/picture/59-1.jpg', '/picture/59-2.jpg', '/picture/59-3.jpg', 55.9, '麻辣味花蛤肉呈红棕色，表面裹满麻辣调味料，视觉上肉质饱满，无沙粒。咬下时发出轻微的“咯吱”声，听觉上有嚼劲，嗅觉上浓郁的麻辣香混合着花蛤的鲜香，香气扑鼻。触感肉质紧实有嚼劲，入口先是花蛤的鲜甜，随即麻辣味在舌尖散开，味觉上麻辣适中（五星，满五星），咸香入味，花蛤的鲜味与麻辣味融合恰到好处。主要原料：花蛤肉、辣椒面、花椒粉、食用盐，高温灭菌，保质期12个月，罐装密封，是海鲜零食中重口味的下酒菜。', 10, 5);
INSERT INTO `goods` VALUES (223, '芝士味鳕鱼粒', '/picture/60-1.jpg', '/picture/60-2.jpg', '/picture/60-3.jpg', 62.9, '芝士味鳕鱼粒呈奶白色，表面有芝士粉的均匀附着，视觉上颗粒饱满，质地细腻。咬下时发出轻微的“噗”声，听觉上柔和，嗅觉上浓郁的芝士香混合着鳕鱼的鲜香，醇厚诱人。触感绵软有嚼劲，入口先是芝士的咸香，随即鳕鱼的鲜甜散开，味觉上咸甜平衡（二星，满五星），芝士味浓郁且不腻，鳕鱼的口感绵密。主要原料：鳕鱼肉、芝士粉、鸡蛋、食用盐，低温烘烤，保质期8个月，是海鲜零食中适合儿童的营养款。', 10, 5);
INSERT INTO `goods` VALUES (224, '盐焗味蛏子干', '/picture/62-1.jpg', '/picture/62-2.jpg', '/picture/62-3.jpg', 72.9, '盐焗味蛏子干呈淡黄色，视觉上肉质饱满，无沙无杂质。咬下时发出轻微的“咯吱”声，听觉上有嚼劲，嗅觉上淡淡的海盐香混合着蛏子的鲜香，清新自然。触感肉质紧实有嚼劲，入口先是海盐的咸香，随即蛏子的鲜甜散开，味觉上咸淡适中（一星，满五星），无添加人工调味，保留蛏子的自然风味。主要原料：蛏子、食用海盐，低温盐焗，保质期12个月，是海鲜零食中高端的干货款。', 10, 5);
INSERT INTO `goods` VALUES (225, '蔓越莓软心饼干', '/picture/63-1.jpg', '/picture/63-2.jpg', '/picture/63-3.jpg', 18.9, '蔓越莓软心饼干外皮呈浅焦糖色，能看到暗红的蔓越莓果干嵌在其中，视觉上诱人十足。咬开时没有清脆声响，而是略带软糯的质感，嗅觉上蔓越莓的酸甜果香混合着黄油香气，清新不腻。触感外皮微酥，内芯软糯，入口先是黄油饼干的绵密，随即蔓越莓的酸甜在口腔中迸发，果干的嚼劲与饼干的软嫩融合，味觉上甜中带酸，层次丰富。主要原料：蔓越莓干、黄油、低筋面粉、糖粉，甜度：四星（满五星），保质期8个月，果干含量≥20%，是饼干系列中软心口感的代表，适合喜欢酸甜风味的人群。', 10, 1);
INSERT INTO `goods` VALUES (226, '阖家欢乐坚果礼盒', '/picture/64-1.jpg', '/picture/64-2.jpg', '/picture/64-3.jpg', 198.9, '阖家欢乐坚果礼盒外包装为中国红主色调，搭配金色祥云图案，视觉上喜庆大气，礼盒内包含巴旦木、夏威夷果、腰果、开心果、碧根果等8款坚果，独立罐装。开启礼盒时能听到礼盒盖的“啪”声，听觉上有仪式感，嗅觉上混合着各类坚果的醇香，浓郁不腻。触感礼盒质感厚实，坚果罐密封严实，每款坚果颗粒饱满酥脆，入口根据品类不同，或清甜或咸香，味觉上覆盖甜、咸、原味等多种风味，满足不同口味需求。所有坚果均采用低温烘焙工艺，无添加防腐剂，保质期12个月，是节日礼盒中经典的阖家分享款，适合春节、中秋等传统节日馈赠。', 10, 8);
INSERT INTO `goods` VALUES (227, '缤纷果干礼盒', '/picture/65-1.jpg', '/picture/65-2.jpg', '/picture/65-3.jpg', 168.9, '缤纷果干礼盒外包装为多彩渐变设计，视觉上活泼亮眼，礼盒内包含葡萄干、蔓越莓干、芒果干、草莓干、黄桃干等10款果干，独立小包装。开启时发出礼盒丝带的“嘶啦”声，听觉上有仪式感，嗅觉上混合着各类水果的香甜，清新自然。触感果干肉质饱满，软糯有嚼劲，入口根据品类不同，或酸甜或清甜，味觉上无添加人工香精，仅靠水果自然提味，甜度适中（二星至四星，满五星）。所有果干均采用冻干锁鲜工艺，保质期18个月，是节日礼盒中适合儿童与女性的清甜款。', 10, 8);
INSERT INTO `goods` VALUES (228, '年味肉食礼盒', '/picture/66-1.jpg', '/picture/66-2.jpg', '/picture/66-3.jpg', 258.9, '年味肉食礼盒外包装为复古国潮设计，视觉上年味十足，礼盒内包含酱牛肉、卤猪蹄、烤肠、熏鸡、香辣鸭脖等8款肉食，真空独立包装。开启时能听到真空包装的“啪”声，听觉上解压，嗅觉上混合着卤香、烤香等多种肉食香气，浓郁诱人。触感肉食肉质紧实，或酥烂或有嚼劲，入口根据品类不同，或咸香或麻辣，味觉上咸淡适中，风味浓郁且不腻。所有肉食均采用高温灭菌工艺，保质期9个月，是节日礼盒中适合家庭聚餐的硬菜款。', 10, 8);
INSERT INTO `goods` VALUES (229, '茶点饼干礼盒', '/picture/67-1.jpg', '/picture/67-2.jpg', '/picture/67-3.jpg', 158.9, '茶点饼干礼盒外包装为新中式设计，搭配水墨山水图案，视觉上雅致大气，礼盒内包含黄油曲奇、抹茶饼干、椰香薄脆、香葱苏打等10款饼干，独立小包装。开启时发出礼盒盖的轻响，听觉上温和，嗅觉上混合着黄油、奶香、茶香等多种香气，清新不腻。触感饼干或酥松或薄脆，入口根据品类不同，或香甜或咸香，味觉上甜度覆盖一星至四星（满五星），满足不同茶点需求。所有饼干均采用低温烘烤工艺，保质期10个月，是节日礼盒中适合品茶搭配的雅致款。', 10, 8);
INSERT INTO `goods` VALUES (230, '南瓜味米饼', '/picture/41-1.jpg', '/picture/41-2.jpg', '/picture/41-3.jpg', 19.9, '南瓜味米饼呈淡黄色，视觉上有南瓜泥的自然色泽，造型为卡通圆形，萌趣十足。掰开时发出“咔嚓”的脆响，听觉上清脆利落，嗅觉上南瓜的香甜混合着大米的清香，清新自然。触感酥脆易嚼，入口先是南瓜的清甜，随即大米的醇香散开，味觉上甜度极低（一星，满五星），无添加蔗糖。主要原料：大米粉、南瓜泥、食用盐、植物油，保质期12个月，非油炸膨化，是儿童零食中健康清淡的休闲款。', 10, 3);
INSERT INTO `goods` VALUES (231, '海鲜臻品礼盒', '/picture/69-1.jpg', '/picture/69-2.jpg', '/picture/69-3.jpg', 298.9, '海鲜臻品礼盒外包装为深海蓝主色调，视觉上高端大气，礼盒内包含烤虾、鱿鱼丝、鳗鱼丝、花蛤肉等8款海鲜零食，独立真空包装。开启时能听到真空包装的轻响，听觉上有质感，嗅觉上混合着海鲜的鲜香与烘烤香，清新无腥味。触感海鲜零食或柔韧或酥脆，入口根据品类不同，或鲜甜或麻辣，味觉上咸淡适中，保留海鲜的自然风味。所有海鲜均采用低温碳烤或高温灭菌工艺，保质期8-12个月不等，是节日礼盒中高端的海鲜特色款。', 10, 8);
INSERT INTO `goods` VALUES (232, '五谷杂粮礼盒', '/picture/70-1.jpg', '/picture/70-2.jpg', '/picture/70-3.jpg', 148.9, '五谷杂粮礼盒外包装为自然米色主色调，搭配谷物图案，视觉上健康质朴，礼盒内包含大米、小米、黑米、红豆、薏米等10款杂粮，独立密封罐装。开启时发出罐盖的“啪”声，听觉上解压，嗅觉上混合着各类谷物的清香，自然无异味。触感杂粮颗粒饱满，质地干燥，烹饪后口感或软糯或有嚼劲，入口根据品类不同，或清甜或清淡，味觉上无额外调味，保留谷物的自然风味。所有杂粮均无添加防腐剂，保质期18个月，是节日礼盒中适合馈赠长辈的健康款。', 10, 8);
INSERT INTO `goods` VALUES (233, '地方特产礼盒', '/picture/72-1.jpg', '/picture/72-2.jpg', '/picture/72-3.jpg', 228.9, '地方特产礼盒外包装为地域特色设计，印有当地地标图案，视觉上极具特色，礼盒内包含本地糕点、酱菜、坚果、肉食等10款地方特产，独立包装。开启时发出礼盒丝带的轻响，听觉上有仪式感，嗅觉上混合着各类特产的独特香气，浓郁诱人。触感特产或软糯或酥脆，入口根据品类不同，或咸香或香甜，味觉上贴合当地风味，咸淡适中，风味正宗。所有特产均采用传统工艺制作，保质期6-12个月不等，是节日礼盒中极具地域特色的馈赠款。', 10, 8);
INSERT INTO `goods` VALUES (234, '低糖健康礼盒', '/picture/73-1.jpg', '/picture/73-2.jpg', '/picture/73-3.jpg', 188.9, '低糖健康礼盒外包装为清新绿色主色调，视觉上健康自然，礼盒内包含无糖饼干、低糖坚果、无糖酸奶溶豆、杂粮脆片等10款低糖零食，独立包装。开启时发出礼盒盖的轻响，听觉上温和，嗅觉上混合着谷物香、奶香等清淡香气，无甜腻味。触感零食或酥松或酥脆，入口根据品类不同，或清淡或微甜，味觉上甜度均≤一星（满五星），无添加蔗糖。所有零食均采用健康工艺制作，保质期8-12个月不等，是节日礼盒中适合控糖人群的健康款。', 10, 8);
INSERT INTO `goods` VALUES (235, '环球零食礼盒', '/picture/74-1.jpg', '/picture/74-2.jpg', '/picture/74-3.jpg', 288.9, '环球零食礼盒外包装为多国风情设计，视觉上时尚大气，礼盒内包含进口饼干、巧克力、坚果、果干等12款全球特色零食，独立包装。开启时发出礼盒丝带的轻响，听觉上有仪式感，嗅觉上混合着各国零食的独特香气，层次丰富。触感零食或酥松或绵密，入口根据品类不同，或甜香或咸香，味觉上覆盖不同国家的风味特色，甜度与咸度适中。所有零食均为正规进口，保质期6-12个月不等，是节日礼盒中适合年轻群体的时尚款。', 10, 8);
INSERT INTO `goods` VALUES (236, '进口黑金松露巧克力', '/picture/75-1.jpg', '/picture/75-2.jpg', '/picture/75-3.jpg', 198.9, '进口黑金松露巧克力呈深棕色的球形，表面裹有可可粉，视觉上哑光高级，单颗独立金箔包装。掰开时能听到巧克力脆皮的轻微脆响，听觉上柔和，嗅觉上浓郁的黑松露香气混合着可可的醇香，层次丰富且不腻。触感应指即融，内芯绵密丝滑，入口先是可可的微苦，随即黑松露的独特香气在口腔中散开，味觉上甜苦平衡（三星，满五星），可可含量≥70%，无添加代可可脂，回味悠长且有松露的独特回甘。主要原料：进口可可液块、黑松露粉、淡奶油，冷链运输保鲜，保质期6个月，是高端零食中巧克力控的奢享款。', 10, 11);
INSERT INTO `goods` VALUES (237, '特级冻干榴莲干', '/picture/76-1.jpg', '/picture/76-2.jpg', '/picture/76-3.jpg', 168.9, '特级冻干榴莲干采用泰国金枕榴莲制作，呈淡黄色，视觉上果肉纹理清晰，无碎渣。咬下时发出“咔嚓”的脆响，听觉上清脆利落，嗅觉上浓郁的榴莲果香，纯正且无香精味。触感酥脆易嚼，入口即化，先是榴莲的香甜在舌尖散开，随即淡淡的奶香回味，味觉上甜而不腻（四星，满五星），冻干工艺保留90%以上榴莲营养，无添加蔗糖。主要原料：泰国金枕榴莲果肉，冻干锁鲜工艺，保质期12个月，独立密封包装，是高端零食中榴莲爱好者的必选款。', 10, 11);
INSERT INTO `goods` VALUES (238, '顶级鱼子酱薯片', '/picture/77-1.jpg', '/picture/77-2.jpg', '/picture/77-3.jpg', 228.9, '顶级鱼子酱薯片呈薄透的淡黄色，表面均匀附着鱼子酱与芝士粉，视觉上质感十足，单片独立包装。咬下时发出“啪”的清脆声响，听觉上解压，嗅觉上浓郁的鱼子酱咸香混合着芝士的奶香，醇厚诱人。触感薄脆易嚼，入口即化，先是鱼子酱的咸鲜在舌尖散开，随即芝士的醇香回味，味觉上咸甜平衡（二星，满五星），薯片采用非转基因马铃薯制作，无添加人工色素。主要原料：马铃薯片、鱼子酱、芝士粉、黄油，低温烘烤工艺，保质期8个月，是高端零食中轻奢的休闲款。', 10, 11);
INSERT INTO `goods` VALUES (239, '精选松茸坚果混合装', '/picture/78-1.jpg', '/picture/78-2.jpg', '/picture/78-3.jpg', 258.9, '精选松茸坚果混合装包含松茸碎、夏威夷果、碧根果、开心果等高端坚果，视觉上颗粒饱满，配色自然。混合时能听到坚果碰撞的轻微声响，听觉上解压，嗅觉上松茸的独特清香混合着坚果的醇香，层次独特。触感坚果酥脆，松茸碎绵软，入口先是坚果的醇香，随即松茸的清鲜散开，味觉上咸淡适中（一星，满五星），无添加人工调味，保留食材自然风味。主要原料：精选松茸、进口坚果，低温烘焙工艺，保质期10个月，独立小包装，是高端零食中兼具营养与口感的奢享款。', 10, 11);
INSERT INTO `goods` VALUES (240, '法式鹅肝酱饼干', '/picture/79-1.jpg', '/picture/79-2.jpg', '/picture/79-3.jpg', 188.9, '法式鹅肝酱饼干采用法式薄脆饼干搭配手工鹅肝酱，视觉上饼干金黄酥脆，鹅肝酱质地绵密。掰开饼干时发出“咔嚓”的脆响，听觉上清脆，嗅觉上鹅肝酱的浓郁醇香混合着饼干的黄油香，诱人食欲。触感饼干酥脆，鹅肝酱绵密，入口先是饼干的酥松，随即鹅肝酱的醇厚在口腔中散开，味觉上咸香适中（二星，满五星），无腥味，鹅肝酱含量≥40%。主要原料：法式薄脆饼干、新鲜鹅肝、黄油、食用盐，低温冷藏工艺，保质期6个月，是高端零食中法式风味的特色款。', 10, 11);
INSERT INTO `goods` VALUES (241, '冰岛即食海参', '/picture/80-1.jpg', '/picture/80-2.jpg', '/picture/80-3.jpg', 398.9, '冰岛即食海参呈深褐色，视觉上肉质厚实，参刺完整，独立真空包装。切开时能听到海参肉质的轻微“咯吱”声，听觉上有弹性，嗅觉上淡淡的海鲜咸香，无腥味。触感肉质Q弹有嚼劲，入口先是海参的鲜甜，随即淡淡的鲍汁提味（鲍汁款），味觉上咸淡适中（一星，满五星），无添加防腐剂，采用高温灭菌工艺锁鲜。主要原料：冰岛进口海参、鲍汁（可选），保质期12个月，开袋即食，是高端零食中滋补养生的奢享款。', 10, 11);
INSERT INTO `goods` VALUES (242, '日式和牛脆片', '/picture/81-1.jpg', '/picture/81-2.jpg', '/picture/81-3.jpg', 268.9, '日式和牛脆片采用和牛雪花部位制作，呈浅棕色，视觉上纹理清晰，薄如蝉翼。咬下时发出“咔嚓”的脆响，听觉上满足，嗅觉上和牛的醇香混合着日式照烧的甜香，浓郁不腻。触感薄脆易嚼，入口先是和牛的鲜香，随即照烧的甜咸在舌尖散开，味觉上甜咸平衡（三星，满五星），无添加人工香精，保留和牛的自然风味。主要原料：日式和牛、照烧酱、食用盐，低温烘烤工艺，保质期9个月，独立密封包装，是高端零食中肉食爱好者的必选款。', 10, 11);
INSERT INTO `goods` VALUES (243, '顶级白松露坚果酱', '/picture/82-1.jpg', '/picture/82-2.jpg', '/picture/82-3.jpg', 298.9, '顶级白松露坚果酱呈浅棕色，质地绵密，视觉上无颗粒感，玻璃罐装配金色瓶盖。搅拌时触感顺滑，听觉上无明显声响，嗅觉上白松露的独特清香混合着坚果的醇香，层次丰富。入口绵密顺滑，先是坚果的香甜在舌尖散开，随即白松露的清鲜回味，味觉上甜咸平衡（二星，满五星），可搭配面包、饼干食用，风味独特。主要原料：白松露粉、榛子仁、杏仁、黄油，低温熬煮工艺，保质期12个月，是高端零食中轻奢的佐餐款。', 10, 11);
INSERT INTO `goods` VALUES (244, '澳洲进口芒果干', '/picture/83-1.jpg', '/picture/83-2.jpg', '/picture/83-3.jpg', 158.9, '澳洲进口芒果干采用澳洲凯特芒制作，呈金黄色，视觉上果肉厚实，纹理清晰，无添加色素。咬下时发出轻微的“咯吱”声，听觉上有嚼劲，嗅觉上浓郁的芒果果香，纯正且无香精味。触感肉质饱满，软糯有嚼劲，不粘牙，入口先是芒果的清甜，随即淡淡的果酸提味，味觉上甜酸平衡（三星，满五星），无添加蔗糖，仅靠芒果自然提甜。主要原料：澳洲凯特芒果肉，冻干锁鲜工艺，保质期18个月，独立密封包装，是高端零食中果干类的奢享款。', 10, 11);
INSERT INTO `goods` VALUES (245, '奢享鱼子酱巧克力', '/picture/84-1.jpg', '/picture/84-2.jpg', '/picture/84-3.jpg', 288.9, '奢享鱼子酱巧克力呈球形，外层为黑巧克力，内芯包裹鱼子酱夹心，视觉上黑金配色，高级感十足。咬开时能听到巧克力脆皮的脆响，听觉上满足，嗅觉上黑巧克力的微苦混合着鱼子酱的咸鲜，层次独特。触感外层酥脆，内芯绵密，入口先是黑巧克力的醇厚，随即鱼子酱的咸鲜在口腔中散开，味觉上甜咸平衡（二星，满五星），可可含量≥80%，鱼子酱为进口顶级款。主要原料：进口黑巧克力、顶级鱼子酱、淡奶油，冷链保鲜，保质期6个月，是高端零食中极具特色的奢享款。', 10, 11);
INSERT INTO `goods` VALUES (246, '童趣零食礼盒', '/picture/68-1.jpg', '/picture/68-2.jpg', '/picture/68-3.jpg', 128.9, '童趣零食礼盒外包装为卡通萌趣设计，印有经典动画形象，视觉上吸引儿童，礼盒内包含动物饼干、星星软糖、鳕鱼肠、溶豆、磨牙棒等12款儿童零食，独立小包装。开启时发出礼盒丝带的轻响，听觉上活泼，嗅觉上混合着奶香、果香等清新香气，无刺鼻味。触感零食或酥松或软糯，专为儿童设计口感，入口根据品类不同，或清甜或咸香，味觉上甜度均≤三星（满五星），无添加人工色素与香精。所有零食均符合儿童食品标准，保质期6-18个月不等，是节日礼盒中适合馈赠有娃家庭的童趣款。', 10, 8);

-- ----------------------------
-- Table structure for order
-- ----------------------------
DROP TABLE IF EXISTS `order`;
CREATE TABLE `order`  (
  `id` int NOT NULL AUTO_INCREMENT,
  `total` float NULL DEFAULT NULL,
  `amount` int NULL DEFAULT NULL,
  `status` tinyint(1) NULL DEFAULT NULL,
  `paytype` tinyint(1) NULL DEFAULT NULL,
  `name` varchar(45) CHARACTER SET utf8mb3 COLLATE utf8mb3_general_ci NULL DEFAULT NULL,
  `phone` varchar(45) CHARACTER SET utf8mb3 COLLATE utf8mb3_general_ci NULL DEFAULT NULL,
  `address` varchar(45) CHARACTER SET utf8mb3 COLLATE utf8mb3_general_ci NULL DEFAULT NULL,
  `datetime` datetime NULL DEFAULT NULL,
  `user_id` int NULL DEFAULT NULL,
  `is_evaluated` tinyint(1) NULL DEFAULT 0 COMMENT '是否已评价：0-未评价，1-已评价',
  PRIMARY KEY (`id`) USING BTREE,
  INDEX `fk_user_id_idx`(`user_id` ASC) USING BTREE,
  CONSTRAINT `fk_user_id` FOREIGN KEY (`user_id`) REFERENCES `user` (`id`) ON DELETE RESTRICT ON UPDATE RESTRICT
) ENGINE = InnoDB AUTO_INCREMENT = 114 CHARACTER SET = utf8mb3 COLLATE = utf8mb3_general_ci ROW_FORMAT = Dynamic;

-- ----------------------------
-- Records of order
-- ----------------------------
INSERT INTO `order` VALUES (97, 22.9, 1, 5, 1, '管理员', '1333333333', '中华人民共和国', '2026-01-14 17:53:29', 1, 1);
INSERT INTO `order` VALUES (98, 69.9, 1, 5, 2, 'itcast1', '12345678901', '湖南', '2026-01-14 17:59:30', 37, 1);
INSERT INTO `order` VALUES (99, 258.9, 1, 5, 1, 'itcast1', '12345678901', '湖南', '2026-01-14 17:59:58', 37, 1);
INSERT INTO `order` VALUES (100, 11.9, 1, 5, 1, 'itcast1', '12345678901', '湖南', '2026-01-14 18:00:15', 37, 1);
INSERT INTO `order` VALUES (101, 59.9, 1, 5, 2, 'itcast1', '12345678901', '湖南', '2026-01-14 18:07:16', 37, 1);
INSERT INTO `order` VALUES (102, 18.9, 1, 2, 1, 'itcast1', '12345678901', '湖南', '2026-01-14 18:32:46', 37, 0);
INSERT INTO `order` VALUES (103, 18.9, 1, 5, 1, 'itcast1', '12345678901', '湖南', '2026-01-15 08:15:00', 37, 1);
INSERT INTO `order` VALUES (105, 228.9, 1, 2, 1, '管理员', '1333333333', '中华人民共和国', '2026-01-15 09:04:20', 1, 0);
INSERT INTO `order` VALUES (106, 168.9, 1, 4, 2, 'itcast1', '12345678901', '湖南', '2026-01-15 09:49:04', 37, 0);
INSERT INTO `order` VALUES (107, 52.9, 1, 5, 1, 'itcast1', '12345678901', '湖南', '2026-01-15 09:49:18', 37, 1);
INSERT INTO `order` VALUES (108, 168.9, 1, 5, 2, 'itcast1', '12345678901', '湖南', '2026-01-15 09:49:49', 37, 1);
INSERT INTO `order` VALUES (109, 14.9, 1, 4, 1, 'itcast1', '12345678901', '湖南', '2026-01-15 09:51:54', 37, 0);
INSERT INTO `order` VALUES (110, 298.9, 1, 4, 2, 'itcast1', '12345678901', '湖南', '2026-01-16 00:39:01', 37, 0);
INSERT INTO `order` VALUES (111, 168.9, 1, 4, 2, 'itcast1', '12345678901', '湖南', '2026-01-16 00:39:14', 37, 0);
INSERT INTO `order` VALUES (112, 15.9, 1, 5, 1, 'itcast1', '12345678901', '湖南', '2026-01-16 00:39:42', 37, 1);
INSERT INTO `order` VALUES (113, 69.9, 1, 2, 1, 'itcast1', '12345678901', '湖南', '2026-01-16 00:47:38', 37, 0);

-- ----------------------------
-- Table structure for orderitem
-- ----------------------------
DROP TABLE IF EXISTS `orderitem`;
CREATE TABLE `orderitem`  (
  `id` int NOT NULL AUTO_INCREMENT,
  `price` float NULL DEFAULT NULL,
  `amount` int NULL DEFAULT NULL,
  `goods_id` int NULL DEFAULT NULL,
  `order_id` int NULL DEFAULT NULL,
  PRIMARY KEY (`id`) USING BTREE,
  INDEX `fk_order_id_idx`(`order_id` ASC) USING BTREE,
  INDEX `fk_orderitem_goods_id_idx`(`goods_id` ASC) USING BTREE,
  CONSTRAINT `fk_order_id` FOREIGN KEY (`order_id`) REFERENCES `order` (`id`) ON DELETE RESTRICT ON UPDATE RESTRICT,
  CONSTRAINT `fk_orderitem_goods_id` FOREIGN KEY (`goods_id`) REFERENCES `goods` (`id`) ON DELETE RESTRICT ON UPDATE RESTRICT
) ENGINE = InnoDB AUTO_INCREMENT = 118 CHARACTER SET = utf8mb3 COLLATE = utf8mb3_general_ci ROW_FORMAT = Dynamic;

-- ----------------------------
-- Records of orderitem
-- ----------------------------
INSERT INTO `orderitem` VALUES (101, 22.9, 1, 4, 97);
INSERT INTO `orderitem` VALUES (102, 69.9, 1, 7, 98);
INSERT INTO `orderitem` VALUES (103, 258.9, 1, 66, 99);
INSERT INTO `orderitem` VALUES (104, 11.9, 1, 24, 100);
INSERT INTO `orderitem` VALUES (105, 59.9, 1, 43, 101);
INSERT INTO `orderitem` VALUES (106, 18.9, 1, 2, 102);
INSERT INTO `orderitem` VALUES (107, 18.9, 1, 2, 103);
INSERT INTO `orderitem` VALUES (109, 228.9, 1, 36, 105);
INSERT INTO `orderitem` VALUES (110, 168.9, 1, 76, 106);
INSERT INTO `orderitem` VALUES (111, 52.9, 1, 35, 107);
INSERT INTO `orderitem` VALUES (112, 168.9, 1, 65, 108);
INSERT INTO `orderitem` VALUES (113, 14.9, 1, 27, 109);
INSERT INTO `orderitem` VALUES (114, 298.9, 1, 69, 110);
INSERT INTO `orderitem` VALUES (115, 168.9, 1, 76, 111);
INSERT INTO `orderitem` VALUES (116, 15.9, 1, 29, 112);
INSERT INTO `orderitem` VALUES (117, 69.9, 1, 7, 113);

-- ----------------------------
-- Table structure for recommend
-- ----------------------------
DROP TABLE IF EXISTS `recommend`;
CREATE TABLE `recommend`  (
  `id` int NOT NULL AUTO_INCREMENT,
  `type` tinyint(1) NULL DEFAULT NULL,
  `goods_id` int NULL DEFAULT NULL,
  PRIMARY KEY (`id`) USING BTREE,
  INDEX `fk_goods_id_idx`(`goods_id` ASC) USING BTREE,
  CONSTRAINT `fk_goods_id` FOREIGN KEY (`goods_id`) REFERENCES `goods` (`id`) ON DELETE CASCADE ON UPDATE RESTRICT
) ENGINE = InnoDB AUTO_INCREMENT = 69 CHARACTER SET = utf8mb3 COLLATE = utf8mb3_general_ci ROW_FORMAT = Dynamic;

-- ----------------------------
-- Records of recommend
-- ----------------------------
INSERT INTO `recommend` VALUES (48, 2, 1);
INSERT INTO `recommend` VALUES (49, 2, 2);
INSERT INTO `recommend` VALUES (50, 2, 3);
INSERT INTO `recommend` VALUES (51, 2, 4);
INSERT INTO `recommend` VALUES (52, 2, 6);
INSERT INTO `recommend` VALUES (53, 2, 7);
INSERT INTO `recommend` VALUES (54, 2, 234);
INSERT INTO `recommend` VALUES (55, 2, 225);
INSERT INTO `recommend` VALUES (56, 2, 26);
INSERT INTO `recommend` VALUES (57, 3, 27);
INSERT INTO `recommend` VALUES (58, 3, 36);
INSERT INTO `recommend` VALUES (59, 3, 38);
INSERT INTO `recommend` VALUES (60, 3, 40);
INSERT INTO `recommend` VALUES (61, 3, 43);
INSERT INTO `recommend` VALUES (62, 3, 60);
INSERT INTO `recommend` VALUES (63, 3, 67);
INSERT INTO `recommend` VALUES (64, 3, 84);
INSERT INTO `recommend` VALUES (65, 1, 2);
INSERT INTO `recommend` VALUES (66, 1, 3);
INSERT INTO `recommend` VALUES (67, 1, 4);
INSERT INTO `recommend` VALUES (68, 1, 6);

-- ----------------------------
-- Table structure for temp_numbers
-- ----------------------------
DROP TABLE IF EXISTS `temp_numbers`;
CREATE TABLE `temp_numbers`  (
  `num` int NULL DEFAULT NULL
) ENGINE = InnoDB CHARACTER SET = utf8mb4 COLLATE = utf8mb4_0900_ai_ci ROW_FORMAT = Dynamic;

-- ----------------------------
-- Records of temp_numbers
-- ----------------------------
INSERT INTO `temp_numbers` VALUES (9);
INSERT INTO `temp_numbers` VALUES (109);
INSERT INTO `temp_numbers` VALUES (209);
INSERT INTO `temp_numbers` VALUES (309);
INSERT INTO `temp_numbers` VALUES (409);
INSERT INTO `temp_numbers` VALUES (8);
INSERT INTO `temp_numbers` VALUES (108);
INSERT INTO `temp_numbers` VALUES (208);
INSERT INTO `temp_numbers` VALUES (308);
INSERT INTO `temp_numbers` VALUES (408);
INSERT INTO `temp_numbers` VALUES (7);
INSERT INTO `temp_numbers` VALUES (107);
INSERT INTO `temp_numbers` VALUES (207);
INSERT INTO `temp_numbers` VALUES (307);
INSERT INTO `temp_numbers` VALUES (407);
INSERT INTO `temp_numbers` VALUES (6);
INSERT INTO `temp_numbers` VALUES (106);
INSERT INTO `temp_numbers` VALUES (206);
INSERT INTO `temp_numbers` VALUES (306);
INSERT INTO `temp_numbers` VALUES (406);
INSERT INTO `temp_numbers` VALUES (5);
INSERT INTO `temp_numbers` VALUES (105);
INSERT INTO `temp_numbers` VALUES (205);
INSERT INTO `temp_numbers` VALUES (305);
INSERT INTO `temp_numbers` VALUES (405);
INSERT INTO `temp_numbers` VALUES (4);
INSERT INTO `temp_numbers` VALUES (104);
INSERT INTO `temp_numbers` VALUES (204);
INSERT INTO `temp_numbers` VALUES (304);
INSERT INTO `temp_numbers` VALUES (404);
INSERT INTO `temp_numbers` VALUES (3);
INSERT INTO `temp_numbers` VALUES (103);
INSERT INTO `temp_numbers` VALUES (203);
INSERT INTO `temp_numbers` VALUES (303);
INSERT INTO `temp_numbers` VALUES (403);
INSERT INTO `temp_numbers` VALUES (2);
INSERT INTO `temp_numbers` VALUES (102);
INSERT INTO `temp_numbers` VALUES (202);
INSERT INTO `temp_numbers` VALUES (302);
INSERT INTO `temp_numbers` VALUES (402);
INSERT INTO `temp_numbers` VALUES (1);
INSERT INTO `temp_numbers` VALUES (101);
INSERT INTO `temp_numbers` VALUES (201);
INSERT INTO `temp_numbers` VALUES (301);
INSERT INTO `temp_numbers` VALUES (401);
INSERT INTO `temp_numbers` VALUES (0);
INSERT INTO `temp_numbers` VALUES (100);
INSERT INTO `temp_numbers` VALUES (200);
INSERT INTO `temp_numbers` VALUES (300);
INSERT INTO `temp_numbers` VALUES (400);
INSERT INTO `temp_numbers` VALUES (19);
INSERT INTO `temp_numbers` VALUES (119);
INSERT INTO `temp_numbers` VALUES (219);
INSERT INTO `temp_numbers` VALUES (319);
INSERT INTO `temp_numbers` VALUES (419);
INSERT INTO `temp_numbers` VALUES (18);
INSERT INTO `temp_numbers` VALUES (118);
INSERT INTO `temp_numbers` VALUES (218);
INSERT INTO `temp_numbers` VALUES (318);
INSERT INTO `temp_numbers` VALUES (418);
INSERT INTO `temp_numbers` VALUES (17);
INSERT INTO `temp_numbers` VALUES (117);
INSERT INTO `temp_numbers` VALUES (217);
INSERT INTO `temp_numbers` VALUES (317);
INSERT INTO `temp_numbers` VALUES (417);
INSERT INTO `temp_numbers` VALUES (16);
INSERT INTO `temp_numbers` VALUES (116);
INSERT INTO `temp_numbers` VALUES (216);
INSERT INTO `temp_numbers` VALUES (316);
INSERT INTO `temp_numbers` VALUES (416);
INSERT INTO `temp_numbers` VALUES (15);
INSERT INTO `temp_numbers` VALUES (115);
INSERT INTO `temp_numbers` VALUES (215);
INSERT INTO `temp_numbers` VALUES (315);
INSERT INTO `temp_numbers` VALUES (415);
INSERT INTO `temp_numbers` VALUES (14);
INSERT INTO `temp_numbers` VALUES (114);
INSERT INTO `temp_numbers` VALUES (214);
INSERT INTO `temp_numbers` VALUES (314);
INSERT INTO `temp_numbers` VALUES (414);
INSERT INTO `temp_numbers` VALUES (13);
INSERT INTO `temp_numbers` VALUES (113);
INSERT INTO `temp_numbers` VALUES (213);
INSERT INTO `temp_numbers` VALUES (313);
INSERT INTO `temp_numbers` VALUES (413);
INSERT INTO `temp_numbers` VALUES (12);
INSERT INTO `temp_numbers` VALUES (112);
INSERT INTO `temp_numbers` VALUES (212);
INSERT INTO `temp_numbers` VALUES (312);
INSERT INTO `temp_numbers` VALUES (412);
INSERT INTO `temp_numbers` VALUES (11);
INSERT INTO `temp_numbers` VALUES (111);
INSERT INTO `temp_numbers` VALUES (211);
INSERT INTO `temp_numbers` VALUES (311);
INSERT INTO `temp_numbers` VALUES (411);
INSERT INTO `temp_numbers` VALUES (10);
INSERT INTO `temp_numbers` VALUES (110);
INSERT INTO `temp_numbers` VALUES (210);
INSERT INTO `temp_numbers` VALUES (310);
INSERT INTO `temp_numbers` VALUES (410);
INSERT INTO `temp_numbers` VALUES (29);
INSERT INTO `temp_numbers` VALUES (129);
INSERT INTO `temp_numbers` VALUES (229);
INSERT INTO `temp_numbers` VALUES (329);
INSERT INTO `temp_numbers` VALUES (429);
INSERT INTO `temp_numbers` VALUES (28);
INSERT INTO `temp_numbers` VALUES (128);
INSERT INTO `temp_numbers` VALUES (228);
INSERT INTO `temp_numbers` VALUES (328);
INSERT INTO `temp_numbers` VALUES (428);
INSERT INTO `temp_numbers` VALUES (27);
INSERT INTO `temp_numbers` VALUES (127);
INSERT INTO `temp_numbers` VALUES (227);
INSERT INTO `temp_numbers` VALUES (327);
INSERT INTO `temp_numbers` VALUES (427);
INSERT INTO `temp_numbers` VALUES (26);
INSERT INTO `temp_numbers` VALUES (126);
INSERT INTO `temp_numbers` VALUES (226);
INSERT INTO `temp_numbers` VALUES (326);
INSERT INTO `temp_numbers` VALUES (426);
INSERT INTO `temp_numbers` VALUES (25);
INSERT INTO `temp_numbers` VALUES (125);
INSERT INTO `temp_numbers` VALUES (225);
INSERT INTO `temp_numbers` VALUES (325);
INSERT INTO `temp_numbers` VALUES (425);
INSERT INTO `temp_numbers` VALUES (24);
INSERT INTO `temp_numbers` VALUES (124);
INSERT INTO `temp_numbers` VALUES (224);
INSERT INTO `temp_numbers` VALUES (324);
INSERT INTO `temp_numbers` VALUES (424);
INSERT INTO `temp_numbers` VALUES (23);
INSERT INTO `temp_numbers` VALUES (123);
INSERT INTO `temp_numbers` VALUES (223);
INSERT INTO `temp_numbers` VALUES (323);
INSERT INTO `temp_numbers` VALUES (423);
INSERT INTO `temp_numbers` VALUES (22);
INSERT INTO `temp_numbers` VALUES (122);
INSERT INTO `temp_numbers` VALUES (222);
INSERT INTO `temp_numbers` VALUES (322);
INSERT INTO `temp_numbers` VALUES (422);
INSERT INTO `temp_numbers` VALUES (21);
INSERT INTO `temp_numbers` VALUES (121);
INSERT INTO `temp_numbers` VALUES (221);
INSERT INTO `temp_numbers` VALUES (321);
INSERT INTO `temp_numbers` VALUES (421);
INSERT INTO `temp_numbers` VALUES (20);
INSERT INTO `temp_numbers` VALUES (120);
INSERT INTO `temp_numbers` VALUES (220);
INSERT INTO `temp_numbers` VALUES (320);
INSERT INTO `temp_numbers` VALUES (420);
INSERT INTO `temp_numbers` VALUES (39);
INSERT INTO `temp_numbers` VALUES (139);
INSERT INTO `temp_numbers` VALUES (239);
INSERT INTO `temp_numbers` VALUES (339);
INSERT INTO `temp_numbers` VALUES (439);
INSERT INTO `temp_numbers` VALUES (38);
INSERT INTO `temp_numbers` VALUES (138);
INSERT INTO `temp_numbers` VALUES (238);
INSERT INTO `temp_numbers` VALUES (338);
INSERT INTO `temp_numbers` VALUES (438);
INSERT INTO `temp_numbers` VALUES (37);
INSERT INTO `temp_numbers` VALUES (137);
INSERT INTO `temp_numbers` VALUES (237);
INSERT INTO `temp_numbers` VALUES (337);
INSERT INTO `temp_numbers` VALUES (437);
INSERT INTO `temp_numbers` VALUES (36);
INSERT INTO `temp_numbers` VALUES (136);
INSERT INTO `temp_numbers` VALUES (236);
INSERT INTO `temp_numbers` VALUES (336);
INSERT INTO `temp_numbers` VALUES (436);
INSERT INTO `temp_numbers` VALUES (35);
INSERT INTO `temp_numbers` VALUES (135);
INSERT INTO `temp_numbers` VALUES (235);
INSERT INTO `temp_numbers` VALUES (335);
INSERT INTO `temp_numbers` VALUES (435);
INSERT INTO `temp_numbers` VALUES (34);
INSERT INTO `temp_numbers` VALUES (134);
INSERT INTO `temp_numbers` VALUES (234);
INSERT INTO `temp_numbers` VALUES (334);
INSERT INTO `temp_numbers` VALUES (434);
INSERT INTO `temp_numbers` VALUES (33);
INSERT INTO `temp_numbers` VALUES (133);
INSERT INTO `temp_numbers` VALUES (233);
INSERT INTO `temp_numbers` VALUES (333);
INSERT INTO `temp_numbers` VALUES (433);
INSERT INTO `temp_numbers` VALUES (32);
INSERT INTO `temp_numbers` VALUES (132);
INSERT INTO `temp_numbers` VALUES (232);
INSERT INTO `temp_numbers` VALUES (332);
INSERT INTO `temp_numbers` VALUES (432);
INSERT INTO `temp_numbers` VALUES (31);
INSERT INTO `temp_numbers` VALUES (131);
INSERT INTO `temp_numbers` VALUES (231);
INSERT INTO `temp_numbers` VALUES (331);
INSERT INTO `temp_numbers` VALUES (431);
INSERT INTO `temp_numbers` VALUES (30);
INSERT INTO `temp_numbers` VALUES (130);
INSERT INTO `temp_numbers` VALUES (230);
INSERT INTO `temp_numbers` VALUES (330);
INSERT INTO `temp_numbers` VALUES (430);
INSERT INTO `temp_numbers` VALUES (49);
INSERT INTO `temp_numbers` VALUES (149);
INSERT INTO `temp_numbers` VALUES (249);
INSERT INTO `temp_numbers` VALUES (349);
INSERT INTO `temp_numbers` VALUES (449);
INSERT INTO `temp_numbers` VALUES (48);
INSERT INTO `temp_numbers` VALUES (148);
INSERT INTO `temp_numbers` VALUES (248);
INSERT INTO `temp_numbers` VALUES (348);
INSERT INTO `temp_numbers` VALUES (448);
INSERT INTO `temp_numbers` VALUES (47);
INSERT INTO `temp_numbers` VALUES (147);
INSERT INTO `temp_numbers` VALUES (247);
INSERT INTO `temp_numbers` VALUES (347);
INSERT INTO `temp_numbers` VALUES (447);
INSERT INTO `temp_numbers` VALUES (46);
INSERT INTO `temp_numbers` VALUES (146);
INSERT INTO `temp_numbers` VALUES (246);
INSERT INTO `temp_numbers` VALUES (346);
INSERT INTO `temp_numbers` VALUES (446);
INSERT INTO `temp_numbers` VALUES (45);
INSERT INTO `temp_numbers` VALUES (145);
INSERT INTO `temp_numbers` VALUES (245);
INSERT INTO `temp_numbers` VALUES (345);
INSERT INTO `temp_numbers` VALUES (445);
INSERT INTO `temp_numbers` VALUES (44);
INSERT INTO `temp_numbers` VALUES (144);
INSERT INTO `temp_numbers` VALUES (244);
INSERT INTO `temp_numbers` VALUES (344);
INSERT INTO `temp_numbers` VALUES (444);
INSERT INTO `temp_numbers` VALUES (43);
INSERT INTO `temp_numbers` VALUES (143);
INSERT INTO `temp_numbers` VALUES (243);
INSERT INTO `temp_numbers` VALUES (343);
INSERT INTO `temp_numbers` VALUES (443);
INSERT INTO `temp_numbers` VALUES (42);
INSERT INTO `temp_numbers` VALUES (142);
INSERT INTO `temp_numbers` VALUES (242);
INSERT INTO `temp_numbers` VALUES (342);
INSERT INTO `temp_numbers` VALUES (442);
INSERT INTO `temp_numbers` VALUES (41);
INSERT INTO `temp_numbers` VALUES (141);
INSERT INTO `temp_numbers` VALUES (241);
INSERT INTO `temp_numbers` VALUES (341);
INSERT INTO `temp_numbers` VALUES (441);
INSERT INTO `temp_numbers` VALUES (40);
INSERT INTO `temp_numbers` VALUES (140);
INSERT INTO `temp_numbers` VALUES (240);
INSERT INTO `temp_numbers` VALUES (340);
INSERT INTO `temp_numbers` VALUES (440);
INSERT INTO `temp_numbers` VALUES (59);
INSERT INTO `temp_numbers` VALUES (159);
INSERT INTO `temp_numbers` VALUES (259);
INSERT INTO `temp_numbers` VALUES (359);
INSERT INTO `temp_numbers` VALUES (459);
INSERT INTO `temp_numbers` VALUES (58);
INSERT INTO `temp_numbers` VALUES (158);
INSERT INTO `temp_numbers` VALUES (258);
INSERT INTO `temp_numbers` VALUES (358);
INSERT INTO `temp_numbers` VALUES (458);
INSERT INTO `temp_numbers` VALUES (57);
INSERT INTO `temp_numbers` VALUES (157);
INSERT INTO `temp_numbers` VALUES (257);
INSERT INTO `temp_numbers` VALUES (357);
INSERT INTO `temp_numbers` VALUES (457);
INSERT INTO `temp_numbers` VALUES (56);
INSERT INTO `temp_numbers` VALUES (156);
INSERT INTO `temp_numbers` VALUES (256);
INSERT INTO `temp_numbers` VALUES (356);
INSERT INTO `temp_numbers` VALUES (456);
INSERT INTO `temp_numbers` VALUES (55);
INSERT INTO `temp_numbers` VALUES (155);
INSERT INTO `temp_numbers` VALUES (255);
INSERT INTO `temp_numbers` VALUES (355);
INSERT INTO `temp_numbers` VALUES (455);
INSERT INTO `temp_numbers` VALUES (54);
INSERT INTO `temp_numbers` VALUES (154);
INSERT INTO `temp_numbers` VALUES (254);
INSERT INTO `temp_numbers` VALUES (354);
INSERT INTO `temp_numbers` VALUES (454);
INSERT INTO `temp_numbers` VALUES (53);
INSERT INTO `temp_numbers` VALUES (153);
INSERT INTO `temp_numbers` VALUES (253);
INSERT INTO `temp_numbers` VALUES (353);
INSERT INTO `temp_numbers` VALUES (453);
INSERT INTO `temp_numbers` VALUES (52);
INSERT INTO `temp_numbers` VALUES (152);
INSERT INTO `temp_numbers` VALUES (252);
INSERT INTO `temp_numbers` VALUES (352);
INSERT INTO `temp_numbers` VALUES (452);
INSERT INTO `temp_numbers` VALUES (51);
INSERT INTO `temp_numbers` VALUES (151);
INSERT INTO `temp_numbers` VALUES (251);
INSERT INTO `temp_numbers` VALUES (351);
INSERT INTO `temp_numbers` VALUES (451);
INSERT INTO `temp_numbers` VALUES (50);
INSERT INTO `temp_numbers` VALUES (150);
INSERT INTO `temp_numbers` VALUES (250);
INSERT INTO `temp_numbers` VALUES (350);
INSERT INTO `temp_numbers` VALUES (450);
INSERT INTO `temp_numbers` VALUES (69);
INSERT INTO `temp_numbers` VALUES (169);
INSERT INTO `temp_numbers` VALUES (269);
INSERT INTO `temp_numbers` VALUES (369);
INSERT INTO `temp_numbers` VALUES (469);
INSERT INTO `temp_numbers` VALUES (68);
INSERT INTO `temp_numbers` VALUES (168);
INSERT INTO `temp_numbers` VALUES (268);
INSERT INTO `temp_numbers` VALUES (368);
INSERT INTO `temp_numbers` VALUES (468);
INSERT INTO `temp_numbers` VALUES (67);
INSERT INTO `temp_numbers` VALUES (167);
INSERT INTO `temp_numbers` VALUES (267);
INSERT INTO `temp_numbers` VALUES (367);
INSERT INTO `temp_numbers` VALUES (467);
INSERT INTO `temp_numbers` VALUES (66);
INSERT INTO `temp_numbers` VALUES (166);
INSERT INTO `temp_numbers` VALUES (266);
INSERT INTO `temp_numbers` VALUES (366);
INSERT INTO `temp_numbers` VALUES (466);
INSERT INTO `temp_numbers` VALUES (65);
INSERT INTO `temp_numbers` VALUES (165);
INSERT INTO `temp_numbers` VALUES (265);
INSERT INTO `temp_numbers` VALUES (365);
INSERT INTO `temp_numbers` VALUES (465);
INSERT INTO `temp_numbers` VALUES (64);
INSERT INTO `temp_numbers` VALUES (164);
INSERT INTO `temp_numbers` VALUES (264);
INSERT INTO `temp_numbers` VALUES (364);
INSERT INTO `temp_numbers` VALUES (464);
INSERT INTO `temp_numbers` VALUES (63);
INSERT INTO `temp_numbers` VALUES (163);
INSERT INTO `temp_numbers` VALUES (263);
INSERT INTO `temp_numbers` VALUES (363);
INSERT INTO `temp_numbers` VALUES (463);
INSERT INTO `temp_numbers` VALUES (62);
INSERT INTO `temp_numbers` VALUES (162);
INSERT INTO `temp_numbers` VALUES (262);
INSERT INTO `temp_numbers` VALUES (362);
INSERT INTO `temp_numbers` VALUES (462);
INSERT INTO `temp_numbers` VALUES (61);
INSERT INTO `temp_numbers` VALUES (161);
INSERT INTO `temp_numbers` VALUES (261);
INSERT INTO `temp_numbers` VALUES (361);
INSERT INTO `temp_numbers` VALUES (461);
INSERT INTO `temp_numbers` VALUES (60);
INSERT INTO `temp_numbers` VALUES (160);
INSERT INTO `temp_numbers` VALUES (260);
INSERT INTO `temp_numbers` VALUES (360);
INSERT INTO `temp_numbers` VALUES (460);
INSERT INTO `temp_numbers` VALUES (79);
INSERT INTO `temp_numbers` VALUES (179);
INSERT INTO `temp_numbers` VALUES (279);
INSERT INTO `temp_numbers` VALUES (379);
INSERT INTO `temp_numbers` VALUES (479);
INSERT INTO `temp_numbers` VALUES (78);
INSERT INTO `temp_numbers` VALUES (178);
INSERT INTO `temp_numbers` VALUES (278);
INSERT INTO `temp_numbers` VALUES (378);
INSERT INTO `temp_numbers` VALUES (478);
INSERT INTO `temp_numbers` VALUES (77);
INSERT INTO `temp_numbers` VALUES (177);
INSERT INTO `temp_numbers` VALUES (277);
INSERT INTO `temp_numbers` VALUES (377);
INSERT INTO `temp_numbers` VALUES (477);
INSERT INTO `temp_numbers` VALUES (76);
INSERT INTO `temp_numbers` VALUES (176);
INSERT INTO `temp_numbers` VALUES (276);
INSERT INTO `temp_numbers` VALUES (376);
INSERT INTO `temp_numbers` VALUES (476);
INSERT INTO `temp_numbers` VALUES (75);
INSERT INTO `temp_numbers` VALUES (175);
INSERT INTO `temp_numbers` VALUES (275);
INSERT INTO `temp_numbers` VALUES (375);
INSERT INTO `temp_numbers` VALUES (475);
INSERT INTO `temp_numbers` VALUES (74);
INSERT INTO `temp_numbers` VALUES (174);
INSERT INTO `temp_numbers` VALUES (274);
INSERT INTO `temp_numbers` VALUES (374);
INSERT INTO `temp_numbers` VALUES (474);
INSERT INTO `temp_numbers` VALUES (73);
INSERT INTO `temp_numbers` VALUES (173);
INSERT INTO `temp_numbers` VALUES (273);
INSERT INTO `temp_numbers` VALUES (373);
INSERT INTO `temp_numbers` VALUES (473);
INSERT INTO `temp_numbers` VALUES (72);
INSERT INTO `temp_numbers` VALUES (172);
INSERT INTO `temp_numbers` VALUES (272);
INSERT INTO `temp_numbers` VALUES (372);
INSERT INTO `temp_numbers` VALUES (472);
INSERT INTO `temp_numbers` VALUES (71);
INSERT INTO `temp_numbers` VALUES (171);
INSERT INTO `temp_numbers` VALUES (271);
INSERT INTO `temp_numbers` VALUES (371);
INSERT INTO `temp_numbers` VALUES (471);
INSERT INTO `temp_numbers` VALUES (70);
INSERT INTO `temp_numbers` VALUES (170);
INSERT INTO `temp_numbers` VALUES (270);
INSERT INTO `temp_numbers` VALUES (370);
INSERT INTO `temp_numbers` VALUES (470);
INSERT INTO `temp_numbers` VALUES (89);
INSERT INTO `temp_numbers` VALUES (189);
INSERT INTO `temp_numbers` VALUES (289);
INSERT INTO `temp_numbers` VALUES (389);
INSERT INTO `temp_numbers` VALUES (489);
INSERT INTO `temp_numbers` VALUES (88);
INSERT INTO `temp_numbers` VALUES (188);
INSERT INTO `temp_numbers` VALUES (288);
INSERT INTO `temp_numbers` VALUES (388);
INSERT INTO `temp_numbers` VALUES (488);
INSERT INTO `temp_numbers` VALUES (87);
INSERT INTO `temp_numbers` VALUES (187);
INSERT INTO `temp_numbers` VALUES (287);
INSERT INTO `temp_numbers` VALUES (387);
INSERT INTO `temp_numbers` VALUES (487);
INSERT INTO `temp_numbers` VALUES (86);
INSERT INTO `temp_numbers` VALUES (186);
INSERT INTO `temp_numbers` VALUES (286);
INSERT INTO `temp_numbers` VALUES (386);
INSERT INTO `temp_numbers` VALUES (486);
INSERT INTO `temp_numbers` VALUES (85);
INSERT INTO `temp_numbers` VALUES (185);
INSERT INTO `temp_numbers` VALUES (285);
INSERT INTO `temp_numbers` VALUES (385);
INSERT INTO `temp_numbers` VALUES (485);
INSERT INTO `temp_numbers` VALUES (84);
INSERT INTO `temp_numbers` VALUES (184);
INSERT INTO `temp_numbers` VALUES (284);
INSERT INTO `temp_numbers` VALUES (384);
INSERT INTO `temp_numbers` VALUES (484);
INSERT INTO `temp_numbers` VALUES (83);
INSERT INTO `temp_numbers` VALUES (183);
INSERT INTO `temp_numbers` VALUES (283);
INSERT INTO `temp_numbers` VALUES (383);
INSERT INTO `temp_numbers` VALUES (483);
INSERT INTO `temp_numbers` VALUES (82);
INSERT INTO `temp_numbers` VALUES (182);
INSERT INTO `temp_numbers` VALUES (282);
INSERT INTO `temp_numbers` VALUES (382);
INSERT INTO `temp_numbers` VALUES (482);
INSERT INTO `temp_numbers` VALUES (81);
INSERT INTO `temp_numbers` VALUES (181);
INSERT INTO `temp_numbers` VALUES (281);
INSERT INTO `temp_numbers` VALUES (381);
INSERT INTO `temp_numbers` VALUES (481);
INSERT INTO `temp_numbers` VALUES (80);
INSERT INTO `temp_numbers` VALUES (180);
INSERT INTO `temp_numbers` VALUES (280);
INSERT INTO `temp_numbers` VALUES (380);
INSERT INTO `temp_numbers` VALUES (480);
INSERT INTO `temp_numbers` VALUES (99);
INSERT INTO `temp_numbers` VALUES (199);
INSERT INTO `temp_numbers` VALUES (299);
INSERT INTO `temp_numbers` VALUES (399);
INSERT INTO `temp_numbers` VALUES (499);
INSERT INTO `temp_numbers` VALUES (98);
INSERT INTO `temp_numbers` VALUES (198);
INSERT INTO `temp_numbers` VALUES (298);
INSERT INTO `temp_numbers` VALUES (398);
INSERT INTO `temp_numbers` VALUES (498);
INSERT INTO `temp_numbers` VALUES (97);
INSERT INTO `temp_numbers` VALUES (197);
INSERT INTO `temp_numbers` VALUES (297);
INSERT INTO `temp_numbers` VALUES (397);
INSERT INTO `temp_numbers` VALUES (497);
INSERT INTO `temp_numbers` VALUES (96);
INSERT INTO `temp_numbers` VALUES (196);
INSERT INTO `temp_numbers` VALUES (296);
INSERT INTO `temp_numbers` VALUES (396);
INSERT INTO `temp_numbers` VALUES (496);
INSERT INTO `temp_numbers` VALUES (95);
INSERT INTO `temp_numbers` VALUES (195);
INSERT INTO `temp_numbers` VALUES (295);
INSERT INTO `temp_numbers` VALUES (395);
INSERT INTO `temp_numbers` VALUES (495);
INSERT INTO `temp_numbers` VALUES (94);
INSERT INTO `temp_numbers` VALUES (194);
INSERT INTO `temp_numbers` VALUES (294);
INSERT INTO `temp_numbers` VALUES (394);
INSERT INTO `temp_numbers` VALUES (494);
INSERT INTO `temp_numbers` VALUES (93);
INSERT INTO `temp_numbers` VALUES (193);
INSERT INTO `temp_numbers` VALUES (293);
INSERT INTO `temp_numbers` VALUES (393);
INSERT INTO `temp_numbers` VALUES (493);
INSERT INTO `temp_numbers` VALUES (92);
INSERT INTO `temp_numbers` VALUES (192);
INSERT INTO `temp_numbers` VALUES (292);
INSERT INTO `temp_numbers` VALUES (392);
INSERT INTO `temp_numbers` VALUES (492);
INSERT INTO `temp_numbers` VALUES (91);
INSERT INTO `temp_numbers` VALUES (191);
INSERT INTO `temp_numbers` VALUES (291);
INSERT INTO `temp_numbers` VALUES (391);
INSERT INTO `temp_numbers` VALUES (491);
INSERT INTO `temp_numbers` VALUES (90);
INSERT INTO `temp_numbers` VALUES (190);
INSERT INTO `temp_numbers` VALUES (290);
INSERT INTO `temp_numbers` VALUES (390);
INSERT INTO `temp_numbers` VALUES (490);

-- ----------------------------
-- Table structure for type
-- ----------------------------
DROP TABLE IF EXISTS `type`;
CREATE TABLE `type`  (
  `id` int NOT NULL AUTO_INCREMENT,
  `name` varchar(45) CHARACTER SET utf8mb3 COLLATE utf8mb3_general_ci NULL DEFAULT NULL,
  PRIMARY KEY (`id`) USING BTREE
) ENGINE = InnoDB AUTO_INCREMENT = 16 CHARACTER SET = utf8mb3 COLLATE = utf8mb3_general_ci ROW_FORMAT = Dynamic;

-- ----------------------------
-- Records of type
-- ----------------------------
INSERT INTO `type` VALUES (1, '饼干系列');
INSERT INTO `type` VALUES (2, '膨化系列');
INSERT INTO `type` VALUES (3, '儿童零食');
INSERT INTO `type` VALUES (4, '坚果系列');
INSERT INTO `type` VALUES (5, '海鲜零食');
INSERT INTO `type` VALUES (8, '节日礼盒');
INSERT INTO `type` VALUES (11, '高端零食');

-- ----------------------------
-- Table structure for user
-- ----------------------------
DROP TABLE IF EXISTS `user`;
CREATE TABLE `user`  (
  `id` int NOT NULL AUTO_INCREMENT,
  `username` varchar(45) CHARACTER SET utf8mb3 COLLATE utf8mb3_general_ci NULL DEFAULT NULL,
  `email` varchar(45) CHARACTER SET utf8mb3 COLLATE utf8mb3_general_ci NULL DEFAULT NULL,
  `password` varchar(45) CHARACTER SET utf8mb3 COLLATE utf8mb3_general_ci NULL DEFAULT NULL,
  `name` varchar(45) CHARACTER SET utf8mb3 COLLATE utf8mb3_general_ci NULL DEFAULT NULL,
  `phone` varchar(45) CHARACTER SET utf8mb3 COLLATE utf8mb3_general_ci NULL DEFAULT NULL,
  `address` varchar(45) CHARACTER SET utf8mb3 COLLATE utf8mb3_general_ci NULL DEFAULT NULL,
  `isadmin` bit(1) NULL DEFAULT NULL,
  `isvalidate` bit(1) NULL DEFAULT NULL,
  PRIMARY KEY (`id`) USING BTREE,
  UNIQUE INDEX `username_UNIQUE`(`username` ASC) USING BTREE,
  UNIQUE INDEX `email_UNIQUE`(`email` ASC) USING BTREE
) ENGINE = InnoDB AUTO_INCREMENT = 1063 CHARACTER SET = utf8mb3 COLLATE = utf8mb3_general_ci ROW_FORMAT = Dynamic;

-- ----------------------------
-- Records of user
-- ----------------------------
INSERT INTO `user` VALUES (1, 'admin', 'admin@vilicode.com', 'admin', '管理员', '1333333333', '中华人民共和国', b'1', b'0');
INSERT INTO `user` VALUES (2, 'vili', 'vili@vilicode.com', 'vili', 'vili', '1344444444', '中华人民共和国', b'0', b'0');
INSERT INTO `user` VALUES (37, '张三', 'itcast@qq.com', '123', 'itcast1', '12345678901', '湖南', b'0', b'0');
INSERT INTO `user` VALUES (39, '陈磊', 'zhao90@gmail.com', '123', '陈磊', '1968160464', '北京市浦东新区947号', b'1', b'0');
INSERT INTO `user` VALUES (40, '刘丽', 'chen91@163.com', '123', '刘丽', '1924393849', '广州市武侯区773号', b'0', b'0');
INSERT INTO `user` VALUES (41, '刘敏', 'zhang92@163.com', '123', '刘敏', '1977673688', '上海市武侯区153号', b'0', b'0');
INSERT INTO `user` VALUES (42, '黄丽', 'chen93@163.com', '123', '黄丽', '1960471164', '北京市南山区40号', b'0', b'0');
INSERT INTO `user` VALUES (43, '吴杰', 'wu94@126.com', '123', '吴杰', '1933446426', '上海市朝阳区635号', b'1', b'0');
INSERT INTO `user` VALUES (44, '杨静', 'li95@126.com', '123', '杨静', '1985100524', '深圳市南山区800号', b'0', b'0');
INSERT INTO `user` VALUES (45, '陈静', 'wang96@qq.com', '123', '陈静', '1992712064', '北京市南山区637号', b'0', b'0');
INSERT INTO `user` VALUES (46, '黄娟', 'zhang97@126.com', '123', '黄娟', '1970641291', '北京市天河区536号', b'0', b'0');
INSERT INTO `user` VALUES (47, '杨磊s', 'wu98@126.com', '123', '杨磊s', '1935649788', '广州市浦东新区945号', b'0', b'0');
INSERT INTO `user` VALUES (48, '杨正', 'huang99@126.com', '123', '杨正1', '1949942379', '成都市浦东新区285号', b'0', b'0');
INSERT INTO `user` VALUES (49, '周敏', 'wu80@163.com', '123', '周敏1', '1978390120', '北京市浦东新区112号', b'0', b'0');
INSERT INTO `user` VALUES (50, '赵芳', 'wu81@126.com', '123', '赵芳1', '1959592487', '深圳市浦东新区846号', b'0', b'0');
INSERT INTO `user` VALUES (51, '周芳', 'liu82@gmail.com', '123', '周芳1', '1942898086', '深圳市武侯区347号', b'0', b'0');
INSERT INTO `user` VALUES (52, '王静', 'wu83@163.com', '123', '王静1', '1983441543', '深圳市南山区603号', b'0', b'0');
INSERT INTO `user` VALUES (53, '周勇', 'yang84@gmail.com', '123', '周勇1', '1907363261', '上海市朝阳区838号', b'0', b'0');
INSERT INTO `user` VALUES (54, '周杰', 'liu85@qq.com', '123', '周杰1', '1997539647', '上海市浦东新区478号', b'0', b'0');
INSERT INTO `user` VALUES (55, '陈芳', 'wu86@126.com', '123', '陈芳1', '1913199960', '北京市浦东新区908号', b'0', b'0');
INSERT INTO `user` VALUES (56, '赵静', 'zhang87@qq.com', '123', '赵静1', '1972565432', '成都市浦东新区589号', b'0', b'0');
INSERT INTO `user` VALUES (57, '王磊', 'wang88@sina.com', '123', '王磊1', '1964308844', '深圳市武侯区392号', b'0', b'0');
INSERT INTO `user` VALUES (58, '黄勇', 'liu89@qq.com', '123', '黄勇1', '1903229946', '北京市南山区357号', b'0', b'0');
INSERT INTO `user` VALUES (59, '李敏', 'wang70@gmail.com', '123', '李敏1', '1913179340', '深圳市天河区25号', b'0', b'0');
INSERT INTO `user` VALUES (60, '杨芳', 'chen71@sina.com', '123', '杨芳1', '1946851996', '北京市南山区281号', b'0', b'0');
INSERT INTO `user` VALUES (61, '周静', 'wang72@126.com', '123', '周静1', '1913593430', '北京市武侯区321号', b'0', b'0');
INSERT INTO `user` VALUES (62, '李星3', 'chen73@qq.com', '123', '杨芳', '1964571653', '成都市浦东新区857号', b'0', b'0');
INSERT INTO `user` VALUES (63, '王宇泽', 'huang74@qq.com', '123', '周磊', '1904401509', '深圳市天河区389号', b'0', b'0');
INSERT INTO `user` VALUES (64, '张浩然', 'zhou75@126.com', '123', '赵伟', '1988604648', '上海市浦东新区421号', b'0', b'0');
INSERT INTO `user` VALUES (65, '刘沐辰', 'liu76@126.com', '123', '黄磊', '1988680864', '北京市南山区575号', b'0', b'0');
INSERT INTO `user` VALUES (66, '陈语桐', 'li77@qq.com', '123', '李芳', '1946711064', '成都市武侯区988号', b'0', b'0');
INSERT INTO `user` VALUES (67, '杨若曦', 'zhang78@sina.com', '123', '赵强', '1973343374', '广州市南山区705号', b'0', b'0');
INSERT INTO `user` VALUES (68, '赵奕辰', 'wang79@gmail.com', '123', '陈伟', '1930316728', '广州市天河区921号', b'0', b'0');
INSERT INTO `user` VALUES (69, '黄梓涵', 'wang60@sina.com', '123', '张勇', '1996289153', '成都市武侯区232号', b'0', b'0');
INSERT INTO `user` VALUES (70, '周瑾萱', 'wu61@gmail.com', '123', '李伟', '1969967305', '上海市南山区442号', b'1', b'0');
INSERT INTO `user` VALUES (71, '吴俊熙', 'li62@sina.com', '123', '李强', '1914249144', '深圳市武侯区853号', b'0', b'0');
INSERT INTO `user` VALUES (72, '徐一诺', 'zhang63@163.com', '123', '黄静', '1962790709', '广州市朝阳区547号', b'0', b'0');
INSERT INTO `user` VALUES (73, '孙佳怡', 'huang64@126.com', '123', '吴强', '1995139833', '深圳市浦东新区590号', b'1', b'0');
INSERT INTO `user` VALUES (74, '马子轩', 'chen65@sina.com', '123', '李伟', '1980414532', '成都市武侯区228号', b'0', b'0');
INSERT INTO `user` VALUES (75, '朱雨桐', 'liu66@sina.com', '123', '刘娟', '1918380537', '深圳市朝阳区397号', b'0', b'0');
INSERT INTO `user` VALUES (76, '胡欣怡', 'wu67@126.com', '123', '刘娟', '1931462136', '上海市南山区863号', b'0', b'0');
INSERT INTO `user` VALUES (77, '林浩宇', 'zhao68@sina.com', '123', '吴伟', '1956479768', '广州市朝阳区700号', b'0', b'0');
INSERT INTO `user` VALUES (78, '郭语汐', 'zhao69@126.com', '123', '张伟', '1984700675', '北京市浦东新区562号', b'0', b'0');
INSERT INTO `user` VALUES (79, '何梓萱', 'zhao50@qq.com', '123', '杨伟', '1995542887', '深圳市武侯区333号', b'0', b'0');
INSERT INTO `user` VALUES (80, '高俊朗', 'chen51@126.com', '123', '吴丽', '1978780986', '上海市南山区793号', b'0', b'0');
INSERT INTO `user` VALUES (81, '罗思瑶', 'li52@qq.com', '123', '刘磊', '1995003149', '广州市天河区815号', b'0', b'0');
INSERT INTO `user` VALUES (82, '郑博轩', 'zhao53@sina.com', '123', '周强', '1947459501', '北京市天河区938号', b'0', b'0');
INSERT INTO `user` VALUES (83, '梁诗涵', 'li54@163.com', '123', '黄娟', '1981625471', '深圳市浦东新区838号', b'0', b'0');
INSERT INTO `user` VALUES (84, '谢雨泽', 'zhao55@qq.com', '123', '张强', '1964682397', '北京市天河区975号', b'0', b'0');
INSERT INTO `user` VALUES (85, '宋欣妍', 'zhou56@sina.com', '123', '刘敏', '1912722036', '成都市南山区155号', b'0', b'0');
INSERT INTO `user` VALUES (86, '唐宇恒', 'chen57@qq.com', '123', '刘敏', '1901920403', '上海市朝阳区446号', b'0', b'0');
INSERT INTO `user` VALUES (87, '韩沐瑶', 'chen58@qq.com', '123', '赵丽', '1995993991', '成都市天河区729号', b'0', b'0');
INSERT INTO `user` VALUES (88, '曹梓豪', 'zhang59@sina.com', '123', '吴静', '1984525502', '深圳市天河区641号', b'0', b'0');
INSERT INTO `user` VALUES (89, '许佳琪', 'huang40@sina.com', '123', '王丽', '1983865261', '上海市浦东新区538号', b'0', b'0');
INSERT INTO `user` VALUES (90, '邓浩轩', 'wu41@sina.com', '123', '王敏', '1952985405', '深圳市浦东新区568号', b'0', b'0');
INSERT INTO `user` VALUES (91, '彭语桐', 'yang42@163.com', '123', '李伟', '1963555199', '北京市武侯区107号', b'0', b'0');
INSERT INTO `user` VALUES (92, '曾梓萱', 'chen43@sina.com', '123', '刘芳', '1914086976', '上海市浦东新区781号', b'0', b'0');
INSERT INTO `user` VALUES (93, '肖俊熙', 'yang44@gmail.com', '123', '黄勇', '1992853637', '深圳市南山区697号', b'0', b'0');
INSERT INTO `user` VALUES (94, '田一诺', 'zhou45@gmail.com', '123', '吴静', '1998222294', '上海市浦东新区744号', b'0', b'0');
INSERT INTO `user` VALUES (95, '董欣怡', 'zhou46@qq.com', '123', '赵静', '1997594113', '北京市南山区53号', b'0', b'0');
INSERT INTO `user` VALUES (96, '潘子轩', 'wu47@126.com', '123', '吴丽', '1968121052', '深圳市天河区140号', b'0', b'0');
INSERT INTO `user` VALUES (97, '袁雨桐', 'zhao48@126.com', '123', '李强', '1911168171', '广州市浦东新区338号', b'0', b'0');
INSERT INTO `user` VALUES (98, '于思瑶', 'chen49@qq.com', '123', '黄勇', '1909091067', '广州市南山区507号', b'0', b'0');
INSERT INTO `user` VALUES (99, '蒋博轩', 'zhang30@qq.com', '123', '杨伟', '1995047317', '深圳市武侯区104号', b'0', b'0');
INSERT INTO `user` VALUES (100, '蔡诗涵', 'zhao31@gmail.com', '123', '黄勇', '1981726492', '上海市南山区586号', b'0', b'0');
INSERT INTO `user` VALUES (101, '余雨泽', 'li32@126.com', '123', '黄强', '1961713181', '成都市天河区267号', b'0', b'0');
INSERT INTO `user` VALUES (102, '杜欣妍', 'zhang33@gmail.com', '123', '刘丽', '1926352872', '广州市朝阳区5号', b'0', b'0');
INSERT INTO `user` VALUES (103, '叶宇恒', 'huang34@163.com', '123', '张磊', '1905070777', '成都市浦东新区230号', b'0', b'0');
INSERT INTO `user` VALUES (104, '程沐瑶', 'wang35@qq.com', '123', '周伟', '1977308595', '深圳市武侯区144号', b'0', b'0');
INSERT INTO `user` VALUES (105, '魏梓豪', 'li36@gmail.com', '123', '李静', '1934829718', '北京市天河区877号', b'1', b'0');
INSERT INTO `user` VALUES (106, '苏佳琪', 'zhou37@126.com', '123', '陈磊', '1955865261', '广州市天河区6号', b'0', b'0');
INSERT INTO `user` VALUES (107, '吕浩轩', 'wang38@sina.com', '123', '赵静', '1955354188', '北京市朝阳区223号', b'0', b'0');
INSERT INTO `user` VALUES (108, '丁语桐', 'zhou39@126.com', '123', '赵勇', '1954879592', '深圳市南山区393号', b'0', b'0');
INSERT INTO `user` VALUES (109, '任梓萱', 'liu20@gmail.com', '123', '黄勇', '1996369072', '成都市武侯区25号', b'0', b'0');
INSERT INTO `user` VALUES (110, '姚俊熙', 'yang21@126.com', '123', '吴静', '1900160649', '上海市武侯区235号', b'0', b'0');
INSERT INTO `user` VALUES (111, '卢一诺', 'li22@126.com', '123', '周勇', '1980668919', '北京市武侯区200号', b'0', b'0');
INSERT INTO `user` VALUES (112, '方欣怡', 'wang23@163.com', '123', '杨芳', '1991383206', '北京市武侯区229号', b'0', b'0');
INSERT INTO `user` VALUES (113, '石梓晨', 'li24@gmail.com', '123', '张强', '1933549820', '深圳市天河区419号', b'0', b'0');
INSERT INTO `user` VALUES (114, '崔雨欣', 'yang25@sina.com', '123', '刘勇', '1911187377', '广州市浦东新区318号', b'0', b'0');
INSERT INTO `user` VALUES (115, '姜浩宇', 'li26@sina.com', '123', '黄勇', '1983582696', '上海市南山区908号', b'0', b'0');
INSERT INTO `user` VALUES (116, '范语萱', 'zhang27@qq.com', '123', '陈芳', '1925113032', '深圳市浦东新区788号', b'0', b'0');
INSERT INTO `user` VALUES (117, '汪俊豪', 'huang28@163.com', '123', '张强', '1983372678', '成都市浦东新区895号', b'0', b'0');
INSERT INTO `user` VALUES (118, '陆佳琪', 'wang29@qq.com', '123', '黄静', '1958254173', '北京市朝阳区648号', b'0', b'0');
INSERT INTO `user` VALUES (119, '金梓熙', 'wu10@qq.com', '123', '张勇', '1927055747', '上海市南山区991号', b'0', b'0');
INSERT INTO `user` VALUES (120, '戴雨涵', 'wu11@qq.com', '123', '李丽', '1906090829', '广州市天河区592号', b'0', b'0');
INSERT INTO `user` VALUES (121, '钟欣悦', 'chen12@gmail.com', '123', '李磊', '1999309523', '广州市天河区862号', b'0', b'0');
INSERT INTO `user` VALUES (122, '谭宇轩', 'wu13@qq.com', '123', '吴强', '1965873927', '上海市南山区654号', b'1', b'0');
INSERT INTO `user` VALUES (123, '汪梓萌', 'zhao14@sina.com', '123', '周勇', '1979929444', '成都市朝阳区919号', b'0', b'0');
INSERT INTO `user` VALUES (124, '江浩辰', 'zhao15@qq.com', '123', '张强', '1937976101', '成都市天河区969号', b'0', b'0');
INSERT INTO `user` VALUES (125, '史雨桐', 'wu16@163.com', '123', '杨磊', '1928938991', '北京市浦东新区555号', b'0', b'0');
INSERT INTO `user` VALUES (126, '顾欣妍', 'li17@sina.com', '123', '刘强', '1957068585', '深圳市武侯区603号', b'0', b'0');
INSERT INTO `user` VALUES (127, '侯梓轩', 'zhou18@126.com', '123', '吴丽', '1906690461', '广州市武侯区926号', b'0', b'0');
INSERT INTO `user` VALUES (128, '邵俊熙', 'wu19@163.com', '123', '黄杰', '1982466674', '深圳市武侯区251号', b'0', b'0');
INSERT INTO `user` VALUES (129, '孟一诺', 'huang0@126.com', '123', '黄强', '1966290684', '北京市天河区607号', b'0', b'0');
INSERT INTO `user` VALUES (130, '龙欣怡', 'liu1@gmail.com', '123', '吴磊', '1976762366', '上海市天河区130号', b'0', b'0');
INSERT INTO `user` VALUES (131, '尹子轩', 'zhao2@gmail.com', '123', '刘伟', '1913537316', '广州市南山区47号', b'0', b'0');
INSERT INTO `user` VALUES (132, '黎雨桐', 'li3@qq.com', '123', '张娟', '1972257164', '上海市天河区770号', b'0', b'0');
INSERT INTO `user` VALUES (133, '常思瑶', 'chen4@qq.com', '123', '吴静', '1988078320', '深圳市武侯区534号', b'0', b'0');
INSERT INTO `user` VALUES (134, '贺博轩', 'huang5@126.com', '123', '杨磊', '1916207644', '广州市朝阳区118号', b'0', b'0');
INSERT INTO `user` VALUES (135, '龚诗涵', 'chen6@qq.com', '123', '周丽', '1944573366', '上海市武侯区418号', b'0', b'0');
INSERT INTO `user` VALUES (136, '文雨泽', 'zhou7@sina.com', '123', '陈静', '1914461611', '北京市天河区946号', b'0', b'0');
INSERT INTO `user` VALUES (137, '樊欣妍', 'wu8@gmail.com', '123', '李敏', '1997775303', '北京市天河区119号', b'0', b'0');
INSERT INTO `user` VALUES (138, '葛宇恒', 'chen9@qq.com', '123', '张杰', '1925196035', '深圳市浦东新区623号', b'0', b'0');
INSERT INTO `user` VALUES (139, '邢沐瑶', 'zhao190@qq.com', '123', '赵勇', '1990199318', '深圳市南山区546号', b'0', b'0');
INSERT INTO `user` VALUES (140, '齐梓豪', 'wang191@163.com', '123', '张敏', '1927230152', '广州市南山区665号', b'0', b'0');
INSERT INTO `user` VALUES (141, '康佳琪', 'wang192@126.com', '123', '杨杰', '1995106663', '上海市武侯区150号', b'0', b'0');
INSERT INTO `user` VALUES (142, '伍浩轩', 'zhou193@163.com', '123', '王伟', '1950908461', '广州市武侯区761号', b'0', b'0');
INSERT INTO `user` VALUES (143, '施语桐', 'wang194@163.com', '123', '赵芳', '1962608143', '深圳市南山区620号', b'0', b'0');
INSERT INTO `user` VALUES (144, '汤梓萱', 'wang195@gmail.com', '123', '吴磊', '1939161408', '深圳市朝阳区706号', b'0', b'0');
INSERT INTO `user` VALUES (145, '白俊熙', 'liu196@126.com', '123', '王磊', '1960783940', '深圳市浦东新区761号', b'0', b'0');
INSERT INTO `user` VALUES (146, '乔一诺', 'huang197@sina.com', '123', '赵丽', '1985281850', '上海市浦东新区569号', b'0', b'0');
INSERT INTO `user` VALUES (147, '贺欣怡', 'liu198@sina.com', '123', '刘杰', '1972190678', '北京市浦东新区206号', b'0', b'0');
INSERT INTO `user` VALUES (148, '赖子轩', 'zhang199@qq.com', '123', '黄丽', '1930610323', '深圳市南山区192号', b'0', b'0');
INSERT INTO `user` VALUES (149, '樊雨桐', 'wang180@qq.com', '123', '李敏', '1903171703', '上海市浦东新区407号', b'0', b'0');
INSERT INTO `user` VALUES (150, '兰思瑶', 'zhao181@gmail.com', '123', '周伟', '1958235621', '深圳市朝阳区461号', b'0', b'0');
INSERT INTO `user` VALUES (151, '殷博轩', 'huang182@163.com', '123', '周静', '1944182713', '广州市南山区639号', b'0', b'0');
INSERT INTO `user` VALUES (152, '舒诗涵', 'zhao183@163.com', '123', '王强', '1994973068', '深圳市朝阳区814号', b'0', b'0');
INSERT INTO `user` VALUES (153, '耿雨泽', 'liu184@sina.com', '123', '吴敏', '1938497083', '上海市武侯区849号', b'0', b'0');
INSERT INTO `user` VALUES (154, '管欣妍', 'wang185@sina.com', '123', '王强', '1992049533', '深圳市天河区484号', b'0', b'0');
INSERT INTO `user` VALUES (155, '季宇恒', 'zhao186@126.com', '123', '赵伟', '1943813492', '成都市朝阳区253号', b'0', b'0');
INSERT INTO `user` VALUES (156, '盛沐瑶', 'huang187@sina.com', '123', '张伟', '1987052292', '上海市武侯区927号', b'0', b'0');
INSERT INTO `user` VALUES (157, '童梓豪', 'huang188@gmail.com', '123', '李勇', '1995552293', '深圳市武侯区880号', b'0', b'0');
INSERT INTO `user` VALUES (158, '欧佳琪', 'li189@gmail.com', '123', '张强', '1946477247', '上海市朝阳区872号', b'0', b'0');
INSERT INTO `user` VALUES (159, '甄浩轩', 'huang170@163.com', '123', '黄强', '1923646212', '上海市浦东新区914号', b'0', b'0');
INSERT INTO `user` VALUES (160, '项语桐', 'chen171@gmail.com', '123', '赵敏', '1923079948', '广州市天河区887号', b'0', b'0');
INSERT INTO `user` VALUES (161, '成梓萱', 'zhang172@gmail.com', '123', '黄强', '1948861292', '广州市南山区349号', b'0', b'0');
INSERT INTO `user` VALUES (162, '施俊熙', 'yang173@gmail.com', '123', '黄强', '1979687038', '深圳市天河区422号', b'0', b'0');
INSERT INTO `user` VALUES (163, '鲍一诺', 'wu174@163.com', '123', '杨静', '1956183029', '上海市天河区193号', b'0', b'0');
INSERT INTO `user` VALUES (164, '华欣怡', 'zhao175@163.com', '123', '陈杰', '1966633396', '深圳市浦东新区889号', b'0', b'0');
INSERT INTO `user` VALUES (165, '屈子轩', 'zhou176@qq.com', '123', '赵芳', '1965553338', '成都市南山区506号', b'0', b'0');
INSERT INTO `user` VALUES (166, '邢雨桐', 'wang177@gmail.com', '123', '张娟', '1980034280', '深圳市武侯区946号', b'0', b'0');
INSERT INTO `user` VALUES (167, '裴思瑶', 'zhou178@qq.com', '123', '吴敏', '1944493453', '广州市浦东新区895号', b'0', b'0');
INSERT INTO `user` VALUES (168, '霍博轩', 'wang179@gmail.com', '123', '刘伟', '1917145382', '深圳市天河区45号', b'0', b'0');
INSERT INTO `user` VALUES (169, '解诗涵', 'wang160@126.com', '123', '张芳', '1970400661', '北京市浦东新区22号', b'0', b'0');
INSERT INTO `user` VALUES (170, '宁雨泽', 'huang161@gmail.com', '123', '杨娟', '1971094802', '广州市武侯区505号', b'0', b'0');
INSERT INTO `user` VALUES (171, '尚欣妍', 'zhou162@163.com', '123', '周芳', '1950010632', '成都市浦东新区529号', b'0', b'0');
INSERT INTO `user` VALUES (172, '符宇恒', 'liu163@126.com', '123', '吴敏', '1917661108', '上海市南山区680号', b'0', b'0');
INSERT INTO `user` VALUES (173, '穆沐瑶', 'huang164@gmail.com', '123', '张磊', '1985944495', '北京市天河区790号', b'0', b'0');
INSERT INTO `user` VALUES (174, '萧梓豪', 'huang165@qq.com', '123', '周芳', '1939311908', '广州市武侯区203号', b'0', b'0');
INSERT INTO `user` VALUES (175, '尹佳琪', 'li166@gmail.com', '123', '张伟', '1911924526', '广州市朝阳区766号', b'0', b'0');
INSERT INTO `user` VALUES (176, '黎浩轩', 'wang167@qq.com', '123', '周娟', '1911778545', '广州市武侯区447号', b'0', b'0');
INSERT INTO `user` VALUES (177, '易语桐', 'zhao168@sina.com', '123', '张强', '1981541558', '成都市朝阳区70号', b'0', b'0');
INSERT INTO `user` VALUES (178, '章梓萱', 'zhang169@sina.com', '123', '周勇', '1953275600', '深圳市朝阳区614号', b'0', b'0');
INSERT INTO `user` VALUES (179, '聂俊熙', 'zhou150@gmail.com', '123', '李磊', '1900315835', '广州市南山区804号', b'0', b'0');
INSERT INTO `user` VALUES (180, '葛一诺', 'liu151@163.com', '123', '吴杰', '1938885245', '广州市浦东新区662号', b'0', b'0');
INSERT INTO `user` VALUES (181, '邢欣怡', 'wang152@sina.com', '123', '杨勇', '1954076408', '深圳市天河区616号', b'0', b'0');
INSERT INTO `user` VALUES (182, '柳子轩', 'zhang153@gmail.com', '123', '李娟', '1929168394', '北京市朝阳区797号', b'0', b'0');
INSERT INTO `user` VALUES (183, '臧雨桐', 'liu154@126.com', '123', '李芳', '1922106864', '深圳市南山区471号', b'0', b'0');
INSERT INTO `user` VALUES (184, '丛思瑶', 'wu155@gmail.com', '123', '李强', '1941904884', '成都市南山区545号', b'0', b'0');
INSERT INTO `user` VALUES (185, '路博轩', 'liu156@163.com', '123', '赵勇', '1929312073', '广州市南山区667号', b'0', b'0');
INSERT INTO `user` VALUES (186, '戚诗涵', 'li157@sina.com', '123', '吴敏', '1927171196', '深圳市南山区813号', b'0', b'0');
INSERT INTO `user` VALUES (187, '凌雨泽', 'wu158@gmail.com', '123', '周丽', '1935406027', '成都市朝阳区305号', b'1', b'0');
INSERT INTO `user` VALUES (188, '岑欣妍', 'li159@126.com', '123', '杨丽', '1945840092', '广州市天河区824号', b'0', b'0');
INSERT INTO `user` VALUES (189, '景宇恒', 'liu140@gmail.com', '123', '杨强', '1988220621', '上海市武侯区986号', b'0', b'0');
INSERT INTO `user` VALUES (190, '费沐瑶', 'huang141@qq.com', '123', '王伟', '1919553825', '成都市朝阳区983号', b'0', b'0');
INSERT INTO `user` VALUES (191, '卜梓豪', 'li142@sina.com', '123', '杨丽', '1904894834', '上海市朝阳区911号', b'0', b'0');
INSERT INTO `user` VALUES (192, '冷佳琪', 'zhang143@sina.com', '123', '吴杰', '1960319143', '上海市朝阳区321号', b'0', b'0');
INSERT INTO `user` VALUES (193, '仇浩轩', 'yang144@sina.com', '123', '李磊', '1990025926', '北京市南山区10号', b'0', b'0');
INSERT INTO `user` VALUES (194, '娄语桐', 'chen145@sina.com', '123', '张娟', '1946274130', '北京市武侯区575号', b'1', b'0');
INSERT INTO `user` VALUES (195, '危梓萱', 'zhao146@sina.com', '123', '黄强', '1919419863', '北京市天河区776号', b'0', b'0');
INSERT INTO `user` VALUES (196, '巴俊熙', 'liu147@126.com', '123', '周静', '1916981426', '上海市武侯区931号', b'0', b'0');
INSERT INTO `user` VALUES (197, '弓一诺', 'zhang148@126.com', '123', '刘磊', '1910888683', '北京市朝阳区988号', b'0', b'0');
INSERT INTO `user` VALUES (198, '牧欣怡', 'li149@qq.com', '123', '王娟', '1903236880', '成都市南山区649号', b'0', b'0');
INSERT INTO `user` VALUES (199, '隗子轩', 'yang130@qq.com', '123', '赵强', '1987244554', '上海市南山区633号', b'0', b'0');
INSERT INTO `user` VALUES (200, '山雨桐', 'yang131@qq.com', '123', '刘丽', '1957313326', '成都市南山区923号', b'0', b'0');
INSERT INTO `user` VALUES (201, '谷思瑶', 'chen132@sina.com', '123', '刘杰', '1999602602', '广州市朝阳区228号', b'0', b'0');
INSERT INTO `user` VALUES (202, '车博轩', 'chen133@163.com', '123', '李磊', '1910821975', '北京市武侯区439号', b'0', b'0');
INSERT INTO `user` VALUES (203, '房诗涵', 'wu134@163.com', '123', '陈伟', '1948478332', '上海市朝阳区573号', b'0', b'0');
INSERT INTO `user` VALUES (204, '裘雨泽', 'zhang135@gmail.com', '123', '杨勇', '1959048560', '成都市武侯区290号', b'1', b'0');
INSERT INTO `user` VALUES (205, '缪欣妍', 'wang136@163.com', '123', '陈伟', '1930738708', '广州市南山区117号', b'0', b'0');
INSERT INTO `user` VALUES (206, '干宇恒', 'liu137@qq.com', '123', '李磊', '1980363437', '深圳市武侯区937号', b'0', b'0');
INSERT INTO `user` VALUES (207, '步沐瑶', 'yang138@163.com', '123', '陈丽', '1996482646', '成都市朝阳区314号', b'0', b'0');
INSERT INTO `user` VALUES (208, '丰梓豪', 'zhang139@qq.com', '123', '赵磊', '1915531432', '广州市南山区507号', b'0', b'0');
INSERT INTO `user` VALUES (209, '巢佳琪', 'yang120@163.com', '123', '张丽', '1983245837', '上海市南山区632号', b'0', b'0');
INSERT INTO `user` VALUES (210, '关浩轩', 'wu121@qq.com', '123', '吴磊', '1931887830', '上海市浦东新区322号', b'1', b'0');
INSERT INTO `user` VALUES (211, '蒯语桐', 'zhang122@163.com', '123', '吴敏', '1909730838', '成都市朝阳区771号', b'0', b'0');
INSERT INTO `user` VALUES (212, '相梓萱', 'huang123@qq.com', '123', '王娟', '1986630561', '上海市天河区28号', b'0', b'0');
INSERT INTO `user` VALUES (213, '查俊熙', 'liu124@126.com', '123', '吴敏', '1950839911', '深圳市南山区615号', b'0', b'0');
INSERT INTO `user` VALUES (214, '後一诺', 'zhou125@sina.com', '123', '吴敏', '1944281409', '广州市南山区566号', b'0', b'0');
INSERT INTO `user` VALUES (215, '红欣怡', 'zhang126@163.com', '123', '吴娟', '1957755149', '深圳市朝阳区443号', b'0', b'0');
INSERT INTO `user` VALUES (216, '游子轩', 'liu127@126.com', '123', '吴强', '1993628210', '广州市武侯区986号', b'0', b'0');
INSERT INTO `user` VALUES (217, '权雨桐', 'zhou128@gmail.com', '123', '周磊', '1940082477', '深圳市南山区824号', b'0', b'0');
INSERT INTO `user` VALUES (218, '益思瑶', 'huang129@qq.com', '123', '刘勇', '1911367103', '广州市浦东新区915号', b'0', b'0');
INSERT INTO `user` VALUES (219, '桓博轩', 'yang110@qq.com', '123', '周静', '1956189555', '北京市天河区147号', b'0', b'0');
INSERT INTO `user` VALUES (220, '公诗涵', 'chen111@gmail.com', '123', '陈丽', '1907008597', '广州市朝阳区697号', b'0', b'0');
INSERT INTO `user` VALUES (221, '冶雨泽', 'wang112@126.com', '123', '周强', '1908696537', '广州市浦东新区7号', b'0', b'0');
INSERT INTO `user` VALUES (222, '寿欣妍', 'chen113@163.com', '123', '黄杰', '1924796926', '广州市朝阳区935号', b'0', b'0');
INSERT INTO `user` VALUES (223, '褚宇恒', 'chen114@qq.com', '123', '黄勇', '1969803458', '深圳市朝阳区823号', b'0', b'0');
INSERT INTO `user` VALUES (224, '全沐瑶', 'zhou115@qq.com', '123', '周伟', '1968080914', '上海市天河区141号', b'0', b'0');
INSERT INTO `user` VALUES (225, '廉梓豪', 'zhang116@126.com', '123', '刘强', '1923842612', '上海市南山区741号', b'0', b'0');
INSERT INTO `user` VALUES (226, '简佳琪', 'chen117@126.com', '123', '吴芳', '1982509958', '深圳市武侯区758号', b'0', b'0');
INSERT INTO `user` VALUES (227, '娄浩轩', 'wang118@163.com', '123', '王敏', '1941491916', '上海市浦东新区768号', b'0', b'0');
INSERT INTO `user` VALUES (228, '盖语桐', 'huang119@163.com', '123', '李伟', '1951441271', '广州市浦东新区638号', b'0', b'0');
INSERT INTO `user` VALUES (229, '符梓萱', 'zhang100@163.com', '123', '周静', '1907752347', '成都市武侯区354号', b'0', b'0');
INSERT INTO `user` VALUES (230, '宣俊熙', 'li101@163.com', '123', '周磊', '1949775180', '上海市武侯区709号', b'0', b'0');
INSERT INTO `user` VALUES (231, '晋一诺', 'wu102@163.com', '123', '周伟', '1961349365', '北京市天河区43号', b'0', b'0');
INSERT INTO `user` VALUES (232, '边欣怡', 'zhao103@126.com', '123', '刘勇', '1907929927', '上海市浦东新区637号', b'0', b'0');
INSERT INTO `user` VALUES (233, '扈子轩', 'zhao104@126.com', '123', '赵敏', '1998686019', '上海市天河区593号', b'0', b'0');
INSERT INTO `user` VALUES (234, '燕雨桐', 'yang105@126.com', '123', '李敏', '1973276464', '成都市南山区429号', b'0', b'0');
INSERT INTO `user` VALUES (235, '郜思瑶', 'zhao106@sina.com', '123', '黄娟', '1983012710', '深圳市天河区740号', b'0', b'0');
INSERT INTO `user` VALUES (236, '蓟博轩', 'zhang107@126.com', '123', '张杰', '1986201066', '成都市武侯区396号', b'0', b'0');
INSERT INTO `user` VALUES (237, '薄诗涵', 'yang108@sina.com', '123', '王娟', '1925221502', '成都市武侯区57号', b'0', b'0');
INSERT INTO `user` VALUES (238, '印雨泽', 'chen109@126.com', '123', '赵强', '1980102024', '成都市武侯区21号', b'0', b'0');
INSERT INTO `user` VALUES (239, '宿欣妍', 'yang290@qq.com', '123', '杨伟', '1942069083', '成都市武侯区615号', b'0', b'0');
INSERT INTO `user` VALUES (240, '邰宇恒', 'zhao291@126.com', '123', '李强', '1916667124', '成都市天河区460号', b'0', b'0');
INSERT INTO `user` VALUES (241, '岑沐瑶', 'zhao292@163.com', '123', '赵杰', '1920705174', '广州市南山区251号', b'1', b'0');
INSERT INTO `user` VALUES (242, '习梓豪', 'chen293@sina.com', '123', '张勇', '1922186155', '北京市南山区231号', b'1', b'0');
INSERT INTO `user` VALUES (243, '胥佳琪', 'huang294@sina.com', '123', '赵丽', '1906898365', '上海市天河区574号', b'0', b'0');
INSERT INTO `user` VALUES (244, '苍浩轩', 'zhou295@qq.com', '123', '王勇', '1973334071', '深圳市朝阳区206号', b'0', b'0');
INSERT INTO `user` VALUES (245, '闻语桐', 'li296@gmail.com', '123', '李勇', '1960960109', '上海市浦东新区146号', b'0', b'0');
INSERT INTO `user` VALUES (246, '党梓萱', 'yang297@163.com', '123', '刘静', '1921367793', '广州市武侯区949号', b'1', b'0');
INSERT INTO `user` VALUES (247, '翟俊熙', 'liu298@qq.com', '123', '刘静', '1970611829', '深圳市南山区989号', b'0', b'0');
INSERT INTO `user` VALUES (248, '贡一诺', 'zhang299@qq.com', '123', '王芳', '1911342144', '北京市南山区447号', b'0', b'0');
INSERT INTO `user` VALUES (249, '劳欣怡', 'liu280@gmail.com', '123', '赵勇', '1929779031', '广州市浦东新区781号', b'0', b'0');
INSERT INTO `user` VALUES (250, '戎子轩', 'zhang281@sina.com', '123', '赵伟', '1949938118', '上海市天河区244号', b'0', b'0');
INSERT INTO `user` VALUES (251, '冀雨桐', 'huang282@qq.com', '123', '赵静', '1978299059', '北京市天河区806号', b'0', b'0');
INSERT INTO `user` VALUES (252, '郏思瑶', 'zhou283@163.com', '123', '王丽', '1910314058', '深圳市朝阳区506号', b'0', b'0');
INSERT INTO `user` VALUES (253, '浦博轩', 'liu284@gmail.com', '123', '赵勇', '1904147993', '上海市浦东新区823号', b'1', b'0');
INSERT INTO `user` VALUES (254, '戎诗涵', 'zhang285@gmail.com', '123', '周杰', '1983591960', '广州市浦东新区922号', b'0', b'0');
INSERT INTO `user` VALUES (255, '才雨泽', 'liu286@163.com', '123', '张强', '1964475334', '北京市武侯区301号', b'0', b'0');
INSERT INTO `user` VALUES (256, '满欣妍', 'li287@gmail.com', '123', '赵勇', '1931979189', '广州市南山区511号', b'0', b'0');
INSERT INTO `user` VALUES (257, '晏宇恒', 'zhang288@163.com', '123', '王磊', '1953535497', '上海市天河区270号', b'0', b'0');
INSERT INTO `user` VALUES (258, '刀沐瑶', 'wu289@qq.com', '123', '张勇', '1919710522', '成都市浦东新区536号', b'0', b'0');
INSERT INTO `user` VALUES (259, '米梓豪', 'zhao270@sina.com', '123', '杨磊', '1925745692', '北京市浦东新区500号', b'0', b'0');
INSERT INTO `user` VALUES (260, '班佳琪', 'zhao271@qq.com', '123', '王芳', '1901558996', '广州市武侯区383号', b'0', b'0');
INSERT INTO `user` VALUES (261, '厉浩轩', 'li272@163.com', '123', '周勇', '1953066218', '深圳市浦东新区742号', b'0', b'0');
INSERT INTO `user` VALUES (262, '伊语桐', 'wang273@qq.com', '123', '杨芳', '1950304877', '北京市浦东新区354号', b'0', b'0');
INSERT INTO `user` VALUES (263, '仇梓萱', 'li274@gmail.com', '123', '赵磊', '1920810113', '深圳市武侯区475号', b'0', b'0');
INSERT INTO `user` VALUES (264, '栾俊熙', 'yang275@sina.com', '123', '赵芳', '1979021117', '广州市浦东新区850号', b'0', b'0');
INSERT INTO `user` VALUES (265, '暴一诺', 'zhao276@gmail.com', '123', '刘丽', '1951466363', '深圳市朝阳区111号', b'0', b'0');
INSERT INTO `user` VALUES (266, '钭欣怡', 'yang277@qq.com', '123', '王丽', '1904830578', '广州市朝阳区169号', b'0', b'0');
INSERT INTO `user` VALUES (267, '才欣怡', 'li278@163.com', '123', '黄丽', '1943076297', '上海市天河区709号', b'0', b'0');
INSERT INTO `user` VALUES (268, '满子轩', 'li279@qq.com', '123', '李强', '1950891818', '上海市浦东新区791号', b'0', b'0');
INSERT INTO `user` VALUES (269, '晏雨桐', 'chen260@sina.com', '123', '张静', '1962887123', '广州市天河区124号', b'1', b'0');
INSERT INTO `user` VALUES (270, '刀思瑶', 'zhang261@126.com', '123', '黄勇', '1996673130', '成都市朝阳区241号', b'1', b'0');
INSERT INTO `user` VALUES (271, '米博轩', 'yang262@163.com', '123', '李杰', '1995363470', '北京市朝阳区715号', b'0', b'0');
INSERT INTO `user` VALUES (272, '班诗涵', 'wu263@sina.com', '123', '陈强', '1925976867', '北京市武侯区762号', b'0', b'0');
INSERT INTO `user` VALUES (273, '厉雨泽', 'zhao264@126.com', '123', '黄勇', '1988562209', '深圳市天河区365号', b'0', b'0');
INSERT INTO `user` VALUES (274, '伊欣妍', 'zhao265@163.com', '123', '杨芳', '1966818001', '北京市朝阳区158号', b'0', b'0');
INSERT INTO `user` VALUES (275, '仇宇恒', 'wu266@gmail.com', '123', '陈勇', '1967534017', '广州市朝阳区813号', b'1', b'0');
INSERT INTO `user` VALUES (276, '栾沐瑶', 'huang267@126.com', '123', '周静', '1919270037', '上海市浦东新区751号', b'0', b'0');
INSERT INTO `user` VALUES (277, '暴梓豪', 'huang268@126.com', '123', '王静', '1918928706', '北京市浦东新区21号', b'0', b'0');
INSERT INTO `user` VALUES (278, '钭佳琪', 'zhou269@sina.com', '123', '刘静', '1948896618', '深圳市朝阳区233号', b'0', b'0');
INSERT INTO `user` VALUES (279, '戎浩轩', 'zhang250@sina.com', '123', '王杰', '1946124025', '深圳市浦东新区476号', b'0', b'0');
INSERT INTO `user` VALUES (280, '勾语桐', 'zhao251@gmail.com', '123', '李杰', '1986860618', '深圳市朝阳区369号', b'0', b'0');
INSERT INTO `user` VALUES (281, '敖梓萱', 'zhao252@qq.com', '123', '陈静', '1922273604', '上海市朝阳区52号', b'0', b'0');
INSERT INTO `user` VALUES (282, '糜俊熙', 'wu253@qq.com', '123', '吴芳', '1976434198', '广州市浦东新区700号', b'0', b'0');
INSERT INTO `user` VALUES (283, '嵇一诺', 'huang254@sina.com', '123', '吴强', '1906098873', '北京市南山区71号', b'0', b'0');
INSERT INTO `user` VALUES (284, '井欣怡', 'huang255@qq.com', '123', '李强', '1949533460', '上海市天河区135号', b'0', b'0');
INSERT INTO `user` VALUES (285, '练子轩', 'zhang256@sina.com', '123', '吴勇', '1912476607', '深圳市天河区245号', b'0', b'0');
INSERT INTO `user` VALUES (286, '池雨桐', 'yang257@163.com', '123', '赵伟', '1908827802', '上海市浦东新区732号', b'0', b'0');
INSERT INTO `user` VALUES (287, '滕思瑶', 'zhang258@163.com', '123', '张娟', '1955131255', '广州市天河区578号', b'0', b'0');
INSERT INTO `user` VALUES (288, '晋博轩', 'wu259@sina.com', '123', '李磊', '1996286183', '上海市朝阳区30号', b'1', b'0');
INSERT INTO `user` VALUES (289, '闻诗涵', 'li240@sina.com', '123', '张娟', '1944561975', '北京市浦东新区729号', b'1', b'0');
INSERT INTO `user` VALUES (290, '党雨泽', 'zhou241@163.com', '123', '张强', '1970625195', '上海市南山区250号', b'0', b'0');
INSERT INTO `user` VALUES (291, '翟欣妍', 'chen242@126.com', '123', '张静', '1937106853', '上海市天河区331号', b'0', b'0');
INSERT INTO `user` VALUES (292, '贡宇恒', 'liu243@sina.com', '123', '吴磊', '1942569947', '深圳市浦东新区106号', b'0', b'0');
INSERT INTO `user` VALUES (293, '劳沐瑶', 'yang244@qq.com', '123', '张敏', '1987131315', '深圳市朝阳区115号', b'0', b'0');
INSERT INTO `user` VALUES (294, '戎梓豪', 'chen245@gmail.com', '123', '张杰', '1919713170', '广州市天河区409号', b'0', b'0');
INSERT INTO `user` VALUES (295, '冀佳琪', 'wu246@sina.com', '123', '赵磊', '1997798882', '深圳市天河区414号', b'0', b'0');
INSERT INTO `user` VALUES (296, '郏浩轩', 'huang247@gmail.com', '123', '黄勇', '1978058036', '成都市南山区189号', b'1', b'0');
INSERT INTO `user` VALUES (297, '浦语桐', 'yang248@qq.com', '123', '陈强', '1924560837', '北京市武侯区163号', b'1', b'0');
INSERT INTO `user` VALUES (298, '戎梓萱', 'wu249@sina.com', '123', '王芳', '1979583283', '深圳市南山区461号', b'0', b'0');
INSERT INTO `user` VALUES (299, '才俊熙', 'wang230@sina.com', '123', '刘丽', '1912054074', '成都市朝阳区955号', b'0', b'0');
INSERT INTO `user` VALUES (300, '满一诺', 'zhang231@qq.com', '123', '杨杰', '1939497330', '上海市浦东新区808号', b'1', b'0');
INSERT INTO `user` VALUES (301, '晏欣怡', 'yang232@qq.com', '123', '王敏', '1931584976', '成都市南山区881号', b'0', b'0');
INSERT INTO `user` VALUES (302, '刀子轩', 'zhao233@126.com', '123', '张敏', '1913026453', '成都市朝阳区443号', b'0', b'0');
INSERT INTO `user` VALUES (303, '米雨桐', 'liu234@126.com', '123', '刘芳', '1947248371', '成都市浦东新区320号', b'0', b'0');
INSERT INTO `user` VALUES (304, '班思瑶', 'huang235@126.com', '123', '赵娟', '1998684995', '深圳市朝阳区429号', b'1', b'0');
INSERT INTO `user` VALUES (305, '厉博轩', 'huang236@gmail.com', '123', '李杰', '1950731153', '北京市朝阳区329号', b'0', b'0');
INSERT INTO `user` VALUES (306, '伊诗', 'zhang237@gmail.com', '123', '张磊', '1997235425', '广州市南山区284号', b'1', b'0');
INSERT INTO `user` VALUES (307, '仇雨泽', 'chen238@sina.com', '123', '黄磊', '1912253063', '北京市浦东新区708号', b'0', b'0');
INSERT INTO `user` VALUES (308, '栾欣妍', 'liu239@163.com', '123', '杨丽', '1985264640', '广州市南山区92号', b'0', b'0');
INSERT INTO `user` VALUES (309, '暴宇恒', 'huang220@163.com', '123', '黄磊', '1905591591', '成都市南山区500号', b'0', b'0');
INSERT INTO `user` VALUES (310, '钭沐瑶', 'huang221@sina.com', '123', '李敏', '1998741013', '北京市浦东新区665号', b'0', b'0');
INSERT INTO `user` VALUES (311, '东方博轩', 'zhang222@sina.com', '123', '黄伟', '1999329604', '成都市朝阳区952号', b'0', b'0');
INSERT INTO `user` VALUES (312, '南宫诗涵', 'huang223@163.com', '123', '刘伟', '1983832641', '北京市朝阳区431号', b'0', b'0');
INSERT INTO `user` VALUES (313, '令狐雨泽', 'wu224@126.com', '123', '刘勇', '1973623721', '成都市朝阳区482号', b'0', b'0');
INSERT INTO `user` VALUES (314, '轩辕欣妍', 'chen225@gmail.com', '123', '张娟', '1987339227', '北京市天河区312号', b'0', b'0');
INSERT INTO `user` VALUES (315, '诸葛梓豪', 'huang226@sina.com', '123', '周芳', '1992276940', '上海市天河区884号', b'0', b'0');
INSERT INTO `user` VALUES (316, '公孙佳琪', 'liu227@126.com', '123', '吴伟', '1942425399', '成都市南山区547号', b'0', b'0');
INSERT INTO `user` VALUES (317, '长孙浩轩', 'liu228@163.com', '123', '赵静', '1902193074', '上海市南山区48号', b'0', b'0');
INSERT INTO `user` VALUES (318, '宇文语桐', 'zhou229@163.com', '123', '陈芳', '1985520986', '成都市朝阳区615号', b'0', b'0');
INSERT INTO `user` VALUES (319, '司徒梓萱', 'zhao210@qq.com', '123', '杨伟', '1904510166', '北京市南山区11号', b'0', b'0');
INSERT INTO `user` VALUES (320, '尉迟俊熙', 'huang211@gmail.com', '123', '王伟', '1971229729', '上海市南山区93号', b'0', b'0');
INSERT INTO `user` VALUES (321, '鲜于一诺', 'chen212@163.com', '123', '赵丽', '1980836346', '北京市天河区822号', b'0', b'0');
INSERT INTO `user` VALUES (322, '夏侯欣怡', 'zhang213@126.com', '123', '吴娟', '1976721588', '深圳市朝阳区382号', b'0', b'0');
INSERT INTO `user` VALUES (323, '西门子轩', 'li214@126.com', '123', '张磊', '1997193452', '深圳市朝阳区12号', b'0', b'0');
INSERT INTO `user` VALUES (324, '北堂雨桐', 'yang215@gmail.com', '123', '周娟', '1924443235', '北京市浦东新区769号', b'0', b'0');
INSERT INTO `user` VALUES (325, '百里思瑶', 'liu216@126.com', '123', '刘敏', '1987066803', '深圳市武侯区124号', b'0', b'0');
INSERT INTO `user` VALUES (326, '万俟博轩', 'li217@sina.com', '123', '杨敏', '1996027970', '北京市武侯区241号', b'0', b'0');
INSERT INTO `user` VALUES (327, '钟离诗涵', 'zhang218@163.com', '123', '杨伟', '1925377608', '北京市朝阳区916号', b'0', b'0');
INSERT INTO `user` VALUES (328, '拓跋雨泽', 'zhou219@sina.com', '123', '黄芳', '1971539535', '北京市朝阳区249号', b'1', b'0');
INSERT INTO `user` VALUES (329, '淳于欣妍', 'zhao200@gmail.com', '123', '王敏', '1960124046', '上海市浦东新区434号', b'0', b'0');
INSERT INTO `user` VALUES (330, '单于梓豪', 'liu201@sina.com', '123', '王静', '1996659356', '上海市天河区932号', b'0', b'0');
INSERT INTO `user` VALUES (331, '太叔佳琪', 'zhang202@sina.com', '123', '赵敏', '1917573403', '北京市朝阳区761号', b'0', b'0');
INSERT INTO `user` VALUES (332, '申屠浩轩', 'liu203@qq.com', '123', '赵强', '1962367064', '北京市天河区445号', b'0', b'0');
INSERT INTO `user` VALUES (333, '公孙语桐', 'huang204@gmail.com', '123', '黄敏', '1902810001', '广州市朝阳区306号', b'0', b'0');
INSERT INTO `user` VALUES (334, '仲孙梓萱', 'zhou205@gmail.com', '123', '赵静', '1942404309', '广州市南山区759号', b'0', b'0');
INSERT INTO `user` VALUES (335, '轩辕俊熙', 'zhang206@163.com', '123', '刘强', '1918688967', '成都市浦东新区939号', b'0', b'0');
INSERT INTO `user` VALUES (336, '令狐一诺', 'wu207@qq.com', '123', '黄敏', '1904495842', '广州市浦东新区419号', b'0', b'0');
INSERT INTO `user` VALUES (337, '欧阳欣怡', 'liu208@163.com', '123', '陈娟', '1985064833', '北京市朝阳区863号', b'0', b'0');
INSERT INTO `user` VALUES (338, '慕容子轩', 'zhao209@qq.com', '123', '陈静', '1984355345', '深圳市武侯区393号', b'0', b'0');
INSERT INTO `user` VALUES (339, '上官雨桐', 'zhao390@gmail.com', '123', '刘敏', '1984797615', '广州市武侯区456号', b'0', b'0');
INSERT INTO `user` VALUES (340, '司马思瑶', 'zhang391@gmail.com', '123', '黄杰', '1925925223', '深圳市浦东新区344号', b'1', b'0');
INSERT INTO `user` VALUES (341, '东方博', 'li392@sina.com', '123', '陈杰', '1949080574', '北京市南山区469号', b'0', b'0');
INSERT INTO `user` VALUES (342, '容雪瑶1', 'chen393@163.com', '123', '黄勇', '1927319691', '上海市武侯区112号', b'0', b'0');
INSERT INTO `user` VALUES (343, '欧阳清', 'li394@gmail.com', '123', '杨芳', '1999014217', '广州市浦东新区987号', b'0', b'0');
INSERT INTO `user` VALUES (344, '上官婉儿', 'huang395@163.com', '123', '王磊', '1935422808', '广州市浦东新区228号', b'0', b'0');
INSERT INTO `user` VALUES (345, '司马长歌', 'zhang396@gmail.com', '123', '陈勇', '1942760603', '上海市朝阳区430号', b'1', b'0');
INSERT INTO `user` VALUES (346, '东方不败', 'huang397@126.com', '123', '吴敏', '1914657473', '北京市朝阳区520号', b'1', b'0');
INSERT INTO `user` VALUES (347, '南宫问天', 'huang398@gmail.com', '123', '吴娟', '1990764999', '上海市南山区78号', b'0', b'0');
INSERT INTO `user` VALUES (348, '令狐冲霄', 'huang399@126.com', '123', '黄敏', '1920920494', '北京市浦东新区21号', b'0', b'0');
INSERT INTO `user` VALUES (349, '轩辕流云', 'huang380@qq.com', '123', '赵勇', '1902153399', '北京市武侯区815号', b'0', b'0');
INSERT INTO `user` VALUES (350, '诸葛流云', 'huang381@gmail.com', '123', '周强', '1910110430', '广州市浦东新区498号', b'0', b'0');
INSERT INTO `user` VALUES (351, '公孙玲珑', 'wu382@qq.com', '123', '吴敏', '1941008106', '上海市朝阳区122号', b'1', b'0');
INSERT INTO `user` VALUES (352, '长孙无忌', 'huang383@gmail.com', '123', '刘芳', '1915635196', '广州市南山区98号', b'0', b'0');
INSERT INTO `user` VALUES (353, '宇文成都', 'zhang384@gmail.com', '123', '王敏', '1943292361', '广州市朝阳区53号', b'0', b'0');
INSERT INTO `user` VALUES (354, '司徒明月', 'huang385@sina.com', '123', '周静', '1908532433', '成都市武侯区784号', b'0', b'0');
INSERT INTO `user` VALUES (355, '尉迟恭安', 'chen386@sina.com', '123', '杨丽', '1993676403', '深圳市武侯区90号', b'0', b'0');
INSERT INTO `user` VALUES (356, '鲜于修礼', 'li387@126.com', '123', '刘强', '1952931345', '广州市武侯区365号', b'0', b'0');
INSERT INTO `user` VALUES (357, '夏侯轻衣', 'zhao388@126.com', '123', '杨磊', '1922480507', '成都市天河区319号', b'0', b'0');
INSERT INTO `user` VALUES (358, '西门吹雪', 'liu389@sina.com', '123', '李敏', '1999974414', '北京市南山区944号', b'0', b'0');
INSERT INTO `user` VALUES (359, '北堂墨染', 'huang370@sina.com', '123', '刘勇', '1983786401', '上海市武侯区743号', b'0', b'0');
INSERT INTO `user` VALUES (360, '百里屠苏', 'chen371@126.com', '123', '黄敏', '1907015245', '广州市浦东新区597号', b'0', b'0');
INSERT INTO `user` VALUES (361, '万俟咏春', 'wu372@126.com', '123', '刘勇', '1980510766', '北京市朝阳区469号', b'0', b'0');
INSERT INTO `user` VALUES (362, '钟离昧真', 'zhou373@126.com', '123', '刘娟', '1923247019', '北京市天河区692号', b'0', b'0');
INSERT INTO `user` VALUES (363, '拓跋玉儿', 'yang374@qq.com', '123', '刘丽', '1941369437', '上海市武侯区699号', b'0', b'0');
INSERT INTO `user` VALUES (364, '淳于珊珊', 'wang375@gmail.com', '123', '张伟', '1908341356', '上海市武侯区421号', b'0', b'0');
INSERT INTO `user` VALUES (365, '单于鸿煊', 'zhang376@sina.com', '123', '吴敏', '1949239544', '深圳市朝阳区625号', b'0', b'0');
INSERT INTO `user` VALUES (366, '太叔文彬', 'zhao377@gmail.com', '123', '黄勇', '1993267889', '深圳市南山区85号', b'0', b'0');
INSERT INTO `user` VALUES (367, '申屠雅彤', 'liu378@gmail.com', '123', '吴静', '1903127429', '广州市天河区837号', b'0', b'0');
INSERT INTO `user` VALUES (368, '公孙轩辕', 'wang379@qq.com', '123', '吴强', '1987944820', '上海市武侯区800号', b'0', b'0');
INSERT INTO `user` VALUES (369, '仲孙浩然', 'zhao360@163.com', '123', '陈娟', '1909910098', '上海市朝阳区247号', b'0', b'0');
INSERT INTO `user` VALUES (370, '轩辕凝香', 'zhao361@qq.com', '123', '赵娟', '1936619757', '深圳市天河区921号', b'0', b'0');
INSERT INTO `user` VALUES (371, '令狐紫涵', 'li362@gmail.com', '123', '赵静', '1960892924', '上海市朝阳区291号', b'0', b'0');
INSERT INTO `user` VALUES (372, '欧阳晨曦', 'zhang363@126.com', '123', '吴磊', '1906204192', '北京市浦东新区39号', b'0', b'0');
INSERT INTO `user` VALUES (373, '东方婉儿', 'wu364@sina.com', '123', '杨静', '1989696548', '成都市南山区606号', b'0', b'0');
INSERT INTO `user` VALUES (374, '南宫紫陌', 'huang365@163.com', '123', '刘敏', '1983370263', '广州市武侯区847号', b'0', b'0');
INSERT INTO `user` VALUES (375, '令狐清扬', 'zhou366@163.com', '123', '吴勇', '1939934119', '北京市天河区750号', b'0', b'0');
INSERT INTO `user` VALUES (376, '轩辕浩宇', 'li367@163.com', '123', '吴娟', '1920605688', '深圳市南山区237号', b'0', b'0');
INSERT INTO `user` VALUES (377, '诸葛瑾萱', 'yang368@sina.com', '123', '李勇', '1965715379', '上海市武侯区75号', b'0', b'0');
INSERT INTO `user` VALUES (378, '公孙婉儿', 'li369@163.com', '123', '黄丽', '1958196834', '北京市浦东新区602号', b'1', b'0');
INSERT INTO `user` VALUES (379, '长孙嫣然', 'zhao350@sina.com', '123', '陈伟', '1989288262', '上海市浦东新区213号', b'0', b'0');
INSERT INTO `user` VALUES (380, '宇文静怡', 'li351@126.com', '123', '刘伟', '1915548100', '广州市浦东新区801号', b'0', b'0');
INSERT INTO `user` VALUES (381, '司徒浩然', 'wang352@126.com', '123', '黄伟', '1916450516', '广州市浦东新区590号', b'0', b'0');
INSERT INTO `user` VALUES (382, '尉迟欣怡', 'wang353@gmail.com', '123', '吴勇', '1933105696', '深圳市浦东新区808号', b'0', b'0');
INSERT INTO `user` VALUES (383, '鲜于梓涵', 'zhao354@gmail.com', '123', '杨丽', '1997768988', '成都市朝阳区46号', b'0', b'0');
INSERT INTO `user` VALUES (384, '夏侯浩然', 'wu355@163.com', '123', '陈杰', '1961346290', '广州市南山区685号', b'0', b'0');
INSERT INTO `user` VALUES (385, '西门庆云', 'chen356@163.com', '123', '陈杰', '1991353880', '成都市南山区532号', b'0', b'0');
INSERT INTO `user` VALUES (386, '北堂雨泽', 'wang357@126.com', '123', '黄芳', '1935894954', '广州市武侯区509号', b'0', b'0');
INSERT INTO `user` VALUES (387, '百里弘毅', 'zhang358@qq.com', '123', '李磊', '1900385650', '广州市武侯区41号', b'0', b'0');
INSERT INTO `user` VALUES (388, '万俟语桐', 'liu359@163.com', '123', '吴杰', '1935208587', '上海市天河区591号', b'0', b'0');
INSERT INTO `user` VALUES (389, '钟离梓豪', 'liu340@126.com', '123', '周杰', '1955683722', '上海市南山区91号', b'1', b'0');
INSERT INTO `user` VALUES (390, '拓跋诗涵', 'li341@163.com', '123', '王磊', '1926502788', '北京市天河区512号', b'0', b'0');
INSERT INTO `user` VALUES (391, '淳于雨桐', 'li342@126.com', '123', '黄磊', '1968539775', '上海市朝阳区381号', b'0', b'0');
INSERT INTO `user` VALUES (392, '单于佳琪', 'zhao343@qq.com', '123', '李勇', '1974369109', '成都市南山区465号', b'1', b'0');
INSERT INTO `user` VALUES (393, '太叔博轩', 'yang344@qq.com', '123', '黄磊', '1905323703', '成都市朝阳区677号', b'0', b'0');
INSERT INTO `user` VALUES (394, '申屠欣妍', 'zhao345@gmail.com', '123', '黄娟', '1932668388', '广州市朝阳区15号', b'0', b'0');
INSERT INTO `user` VALUES (395, '公孙雨泽', 'yang346@163.com', '123', '张芳', '1938790292', '广州市武侯区300号', b'1', b'0');
INSERT INTO `user` VALUES (396, '仲孙思瑶', 'zhao347@sina.com', '123', '杨娟', '1958510414', '深圳市朝阳区401号', b'0', b'0');
INSERT INTO `user` VALUES (397, '公孙语', 'chen348@163.com', '123', '黄杰', '1976927538', '广州市武侯区237号', b'0', b'0');
INSERT INTO `user` VALUES (398, '清风徐来', 'chen349@163.com', '123', '黄丽', '1950205567', '深圳市武侯区102号', b'1', b'0');
INSERT INTO `user` VALUES (399, '星河入梦', 'wu330@gmail.com', '123', '王敏', '1955015487', '北京市天河区370号', b'0', b'0');
INSERT INTO `user` VALUES (400, '山野寻风', 'huang331@126.com', '123', '黄伟', '1934538173', '广州市朝阳区571号', b'0', b'0');
INSERT INTO `user` VALUES (401, '雾漫山川', 'zhou332@sina.com', '123', '刘伟', '1969367407', '广州市朝阳区312号', b'0', b'0');
INSERT INTO `user` VALUES (402, '星落人间', 'wu333@163.com', '123', '刘敏', '1998648953', '上海市朝阳区27号', b'0', b'0');
INSERT INTO `user` VALUES (403, '晚风叙旧', 'chen334@sina.com', '123', '王娟', '1961697899', '成都市朝阳区371号', b'0', b'0');
INSERT INTO `user` VALUES (404, '云间藏月', 'wang335@qq.com', '123', '杨伟', '1916259996', '深圳市浦东新区593号', b'0', b'0');
INSERT INTO `user` VALUES (405, '江枫渔火', 'zhao336@qq.com', '123', '杨丽', '1955224187', '北京市南山区943号', b'0', b'0');
INSERT INTO `user` VALUES (406, '松间听雪', 'liu337@sina.com', '123', '杨静', '1987310851', '深圳市天河区866号', b'0', b'0');
INSERT INTO `user` VALUES (407, '月下独酌', 'huang338@gmail.com', '123', '刘杰', '1905619648', '深圳市浦东新区770号', b'0', b'0');
INSERT INTO `user` VALUES (408, '温酒煮茶', 'wang339@qq.com', '123', '杨敏', '1906835980', '深圳市朝阳区153号', b'0', b'0');
INSERT INTO `user` VALUES (409, '南风未起', 'li320@sina.com', '123', '吴芳', '1914873044', '上海市南山区647号', b'0', b'0');
INSERT INTO `user` VALUES (410, '秋叶静美', 'zhao321@gmail.com', '123', '吴敏', '1970287980', '深圳市朝阳区582号', b'0', b'0');
INSERT INTO `user` VALUES (411, '晚风轻扬', 'wang322@gmail.com', '123', '王磊', '1935066373', '广州市浦东新区151号', b'0', b'0');
INSERT INTO `user` VALUES (412, '云深不知', 'yang323@gmail.com', '123', '赵娟', '1976308620', '广州市天河区885号', b'0', b'0');
INSERT INTO `user` VALUES (413, '星垂平野', 'huang324@163.com', '123', '吴娟', '1923999472', '成都市浦东新区397号', b'0', b'0');
INSERT INTO `user` VALUES (414, '月涌大江', 'li325@163.com', '123', '李静', '1932319251', '北京市朝阳区722号', b'0', b'0');
INSERT INTO `user` VALUES (415, '山川如故', 'liu326@qq.com', '123', '黄静', '1947739168', '深圳市天河区188号', b'0', b'0');
INSERT INTO `user` VALUES (416, '烟火人间', 'liu327@qq.com', '123', '赵强', '1965984240', '上海市浦东新区488号', b'0', b'0');
INSERT INTO `user` VALUES (417, '故里逢春', 'zhang328@163.com', '123', '吴丽', '1904851771', '上海市天河区730号', b'1', b'0');
INSERT INTO `user` VALUES (418, '人间忽晚', 'zhou329@qq.com', '123', '张伟', '1901316113', '成都市天河区106号', b'0', b'0');
INSERT INTO `user` VALUES (419, '山河已秋', 'huang310@qq.com', '123', '黄伟', '1925762989', '北京市浦东新区839号', b'1', b'0');
INSERT INTO `user` VALUES (420, '南风知意', 'yang311@qq.com', '123', '周丽', '1902642440', '上海市天河区496号', b'1', b'0');
INSERT INTO `user` VALUES (421, '北雪寄情', 'yang312@126.com', '123', '李娟', '1915205508', '深圳市南山区315号', b'0', b'0');
INSERT INTO `user` VALUES (422, '青衫烟雨', 'liu313@qq.com', '123', '王丽', '1978934853', '上海市武侯区347号', b'0', b'0');
INSERT INTO `user` VALUES (423, '白衣煮茶', 'liu314@sina.com', '123', '吴静', '1958709160', '上海市朝阳区815号', b'0', b'0');
INSERT INTO `user` VALUES (424, '星河长明', 'wu315@163.com', '123', '吴静', '1981338127', '广州市朝阳区342号', b'0', b'0');
INSERT INTO `user` VALUES (425, '人间朝暮', 'huang316@sina.com', '123', '吴静', '1979168567', '上海市朝阳区492号', b'0', b'0');
INSERT INTO `user` VALUES (426, '叶落归尘', 'huang317@qq.com', '123', '周芳', '1917428656', '广州市南山区446号', b'0', b'0');
INSERT INTO `user` VALUES (427, '云卷云舒', 'zhao318@qq.com', '123', '李强', '1960774248', '成都市南山区379号', b'1', b'0');
INSERT INTO `user` VALUES (428, '浮生若梦', 'wang319@126.com', '123', '张强', '1951134168', '广州市天河区339号', b'0', b'0');
INSERT INTO `user` VALUES (429, '踏雪寻梅', 'li300@163.com', '123', '赵杰', '1926968700', '深圳市南山区977号', b'1', b'0');
INSERT INTO `user` VALUES (430, '枕星而眠', 'liu301@126.com', '123', '赵杰', '1945201765', '广州市南山区238号', b'0', b'0');
INSERT INTO `user` VALUES (431, '借风告白', 'wang302@126.com', '123', '黄丽', '1972963991', '深圳市天河区27号', b'0', b'0');
INSERT INTO `user` VALUES (432, '以梦为马', 'wu303@sina.com', '123', '杨勇', '1951966227', '广州市武侯区306号', b'0', b'0');
INSERT INTO `user` VALUES (433, '不负韶华', 'wang304@sina.com', '123', '陈芳', '1918698177', '广州市武侯区317号', b'0', b'0');
INSERT INTO `user` VALUES (434, '清风霁月', 'liu305@163.com', '123', '王敏', '1952689148', '成都市南山区6号', b'0', b'0');
INSERT INTO `user` VALUES (435, '远山含黛', 'zhao306@163.com', '123', '赵丽', '1983594701', '北京市浦东新区432号', b'0', b'0');
INSERT INTO `user` VALUES (436, '近水凝烟', 'chen307@qq.com', '123', '王磊', '1914306925', '广州市朝阳区170号', b'0', b'0');
INSERT INTO `user` VALUES (437, '星河璀璨', 'yang308@126.com', '123', '李强', '1944219800', '北京市武侯区757号', b'0', b'0');
INSERT INTO `user` VALUES (438, '人间温柔', 'zhou309@gmail.com', '123', '吴静', '1991910963', '成都市浦东新区176号', b'0', b'0');
INSERT INTO `user` VALUES (439, '山野万里', 'zhao490@163.com', '123', '赵勇', '1953423767', '深圳市天河区215号', b'0', b'0');
INSERT INTO `user` VALUES (440, '人间烟火', 'yang491@126.com', '123', '李伟', '1900894854', '成都市朝阳区159号', b'0', b'0');
INSERT INTO `user` VALUES (441, '岁月静好', 'chen492@sina.com', '123', '吴丽', '1928560638', '广州市浦东新区149号', b'0', b'0');
INSERT INTO `user` VALUES (442, '平安喜乐', 'wu493@163.com', '123', '刘强', '1962108496', '成都市南山区35号', b'0', b'0');
INSERT INTO `user` VALUES (443, '万事顺意', 'zhao494@qq.com', '123', '刘丽', '1929614325', '深圳市天河区901号', b'0', b'0');
INSERT INTO `user` VALUES (444, '未来可期', 'zhou495@qq.com', '123', '李磊', '1953618045', '广州市南山区883号', b'0', b'0');
INSERT INTO `user` VALUES (445, '前程似锦', 'huang496@qq.com', '123', '黄敏', '1996940832', '北京市天河区551号', b'1', b'0');
INSERT INTO `user` VALUES (446, '一路繁花', 'yang497@126.com', '123', '吴勇', '1967196434', '上海市天河区916号', b'0', b'0');
INSERT INTO `user` VALUES (447, '温柔以待', 'chen498@qq.com', '123', '张丽', '1956475379', '成都市朝阳区367号', b'0', b'0');
INSERT INTO `user` VALUES (448, '清风拂面', 'liu499@qq.com', '123', '王丽', '1907906341', '广州市朝阳区952号', b'0', b'0');
INSERT INTO `user` VALUES (449, '暖阳入怀', 'wu480@qq.com', '123', '陈强', '1910243386', '广州市浦东新区229号', b'1', b'0');
INSERT INTO `user` VALUES (1062, 'itcast', '841915064@qq.com', '123', 'itcast', '12345678901', 'qq', b'0', b'0');

SET FOREIGN_KEY_CHECKS = 1;
